timezone,temp,humidity,description
2025-02-19 05:40:47,0.76,29,clear sky
2025-02-19 05:49:18,0.76,29,clear sky
2025-02-19 05:57:35,0.76,29,clear sky
2025-02-19 06:25:49,-0.13,18,clear sky
2025-02-19 06:43:18,1.76,25,clear sky
2025-02-19 06:51:45,1.76,25,clear sky
2025-02-19 07:00:10,1.76,25,clear sky
2025-02-19 07:21:50,-0.42,18,clear sky
2025-02-19 07:30:07,0.76,25,clear sky
2025-02-19 07:39:21,0.76,25,clear sky
2025-02-19 07:47:57,0.76,25,clear sky
2025-02-19 07:56:12,0.76,25,clear sky
2025-02-19 08:20:20,-0.74,19,clear sky
2025-02-19 08:39:00,0.76,29,clear sky
2025-02-19 08:49:56,0.76,29,clear sky
2025-02-19 08:58:29,0.76,29,clear sky
2025-02-19 09:21:00,-0.22,25,clear sky
2025-02-19 09:32:53,-1.24,29,clear sky
2025-02-19 09:41:40,-1.24,29,clear sky
2025-02-19 09:50:21,-1.24,29,clear sky
2025-02-19 09:58:53,-1.24,29,clear sky
2025-02-19 10:22:17,-3.24,39,clear sky
2025-02-19 10:38:39,-3.24,39,clear sky
2025-02-19 10:47:20,-3.24,39,clear sky
2025-02-19 10:56:04,-3.24,39,clear sky
2025-02-19 11:12:20,-2.72,29,clear sky
2025-02-19 11:24:36,-2.72,29,clear sky
2025-02-19 11:34:24,-3.24,43,clear sky
2025-02-19 11:42:53,-3.24,43,clear sky
2025-02-19 11:51:24,-3.24,43,clear sky
2025-02-19 11:59:52,-3.24,43,clear sky
2025-02-19 12:42:45,-4.24,50,clear sky
2025-02-19 13:03:54,-4.24,50,clear sky
2025-02-19 13:29:21,-5.24,50,clear sky
2025-02-19 13:40:34,-5.24,50,clear sky
2025-02-19 13:49:13,-5.24,50,clear sky
2025-02-19 13:57:28,-5.24,50,clear sky
2025-02-19 14:16:59,-3.33,36,clear sky
2025-02-19 14:34:12,-5.24,54,clear sky
2025-02-19 14:43:57,-5.24,54,clear sky
2025-02-19 14:52:36,-5.24,54,clear sky
2025-02-19 15:08:58,-3.23,36,clear sky
2025-02-19 15:29:15,-6.24,58,clear sky
2025-02-19 15:40:01,-6.24,58,clear sky
2025-02-19 15:48:39,-6.24,58,clear sky
2025-02-19 15:57:05,-6.24,58,clear sky
2025-02-19 16:20:40,-3.29,37,clear sky
2025-02-19 16:39:59,-6.24,58,clear sky
2025-02-19 16:50:54,-6.24,58,clear sky
2025-02-19 16:59:30,-6.24,58,clear sky
2025-02-19 17:19:47,-3.46,37,clear sky
2025-02-19 17:33:06,-8.24,62,clear sky
2025-02-19 17:41:37,-8.24,62,clear sky
2025-02-19 17:50:22,-8.24,62,clear sky
2025-02-19 17:58:50,-8.24,62,clear sky
2025-02-19 18:27:45,-8.24,67,clear sky
2025-02-19 18:44:23,-8.24,67,clear sky
2025-02-19 18:52:49,-8.24,67,clear sky
2025-02-19 19:06:53,-8.24,67,clear sky
2025-02-19 19:19:32,-3.86,41,clear sky
2025-02-19 19:28:03,-9.24,73,clear sky
2025-02-19 19:37:25,-9.24,73,clear sky
2025-02-19 19:46:02,-9.24,73,clear sky
2025-02-19 19:54:32,-9.24,73,clear sky
2025-02-19 20:13:12,-4.05,42,clear sky
2025-02-19 20:30:01,-10.24,85,clear sky
2025-02-19 20:40:45,-10.24,85,clear sky
2025-02-19 20:49:26,-10.24,85,clear sky
2025-02-19 20:57:47,-10.24,85,clear sky
2025-02-19 21:17:34,-10.24,85,clear sky
2025-02-19 21:28:03,-10.24,85,clear sky
2025-02-19 21:37:18,-10.24,85,clear sky
2025-02-19 21:45:53,-10.24,85,clear sky
2025-02-19 21:54:27,-10.24,85,clear sky
2025-02-19 22:11:02,-10.24,85,clear sky
2025-02-19 22:28:31,-8.24,73,clear sky
2025-02-19 22:38:44,-8.24,73,clear sky
2025-02-19 22:47:12,-8.24,73,clear sky
2025-02-19 22:55:36,-8.24,73,clear sky
2025-02-19 23:13:26,-4.45,43,clear sky
2025-02-19 23:27:10,-7.24,73,clear sky
2025-02-19 23:36:59,-7.24,73,clear sky
2025-02-19 23:45:42,-7.24,73,clear sky
2025-02-19 23:54:15,-7.24,73,clear sky
2025-02-20 00:54:58,-3.24,59,clear sky
2025-02-20 02:13:58,-2.23,30,clear sky
2025-02-20 02:57:09,-0.24,32,clear sky
2025-02-20 03:21:19,-1.33,27,clear sky
2025-02-20 03:38:57,0.76,29,clear sky
2025-02-20 03:47:34,0.76,29,clear sky
2025-02-20 03:56:09,0.76,29,clear sky
2025-02-20 04:18:18,-0.67,25,clear sky
2025-02-20 04:35:22,0.76,29,clear sky
2025-02-20 04:44:45,0.76,29,clear sky
2025-02-20 04:53:25,0.76,29,clear sky
2025-02-20 05:10:08,-0.11,23,clear sky
2025-02-20 05:29:59,1.76,27,clear sky
2025-02-20 05:41:08,1.76,27,clear sky
2025-02-20 05:49:29,1.76,27,clear sky
2025-02-20 05:57:49,1.76,27,clear sky
2025-02-20 06:26:20,0.27,20,clear sky
2025-02-20 06:43:40,1.76,27,clear sky
2025-02-20 06:51:56,1.76,27,clear sky
2025-02-20 07:00:30,1.76,27,clear sky
2025-02-20 07:21:33,1.76,27,clear sky
2025-02-20 07:30:08,1.76,27,clear sky
2025-02-20 07:38:50,1.76,27,clear sky
2025-02-20 07:47:23,1.76,27,clear sky
2025-02-20 07:55:39,1.76,27,clear sky
2025-02-20 08:18:50,0.76,23,clear sky
2025-02-20 08:38:34,0.76,23,clear sky
2025-02-20 08:49:09,0.76,23,clear sky
2025-02-20 08:57:51,0.76,23,clear sky
2025-02-20 09:19:31,-1.37,26,clear sky
2025-02-20 09:32:09,-1.24,29,clear sky
2025-02-20 09:41:38,-1.24,29,clear sky
2025-02-20 09:49:50,-1.24,29,clear sky
2025-02-20 09:58:21,-1.24,29,clear sky
2025-02-20 10:21:16,-1.22,24,clear sky
2025-02-20 10:38:36,-2.24,34,clear sky
2025-02-20 10:47:15,-2.24,34,clear sky
2025-02-20 10:55:47,-2.24,34,clear sky
2025-02-20 11:12:11,-2.24,34,clear sky
2025-02-20 11:24:33,-3.24,36,clear sky
2025-02-20 11:34:32,-3.24,36,clear sky
2025-02-20 11:43:15,-3.24,36,clear sky
2025-02-20 11:51:35,-3.24,36,clear sky
2025-02-20 12:00:01,-3.24,36,clear sky
2025-02-20 12:47:18,-4.24,39,clear sky
2025-02-20 13:13:04,-4.24,39,clear sky
2025-02-20 13:32:36,-5.24,50,clear sky
2025-02-20 13:42:24,-5.24,50,clear sky
2025-02-20 13:51:11,-5.24,50,clear sky
2025-02-20 13:59:46,-5.24,50,clear sky
2025-02-20 14:22:25,-3.64,38,clear sky
2025-02-20 14:37:51,-5.24,54,clear sky
2025-02-20 14:46:24,-5.24,54,clear sky
2025-02-20 14:54:55,-5.24,54,clear sky
2025-02-20 15:14:05,-3.66,39,clear sky
2025-02-20 15:31:49,-6.24,58,clear sky
2025-02-20 15:42:53,-6.24,58,clear sky
2025-02-20 15:51:30,-6.24,58,clear sky
2025-02-20 15:59:59,-6.24,58,clear sky
2025-02-20 16:30:54,-7.24,63,clear sky
2025-02-20 16:47:14,-7.24,63,clear sky
2025-02-20 16:55:46,-7.24,63,clear sky
2025-02-20 17:12:44,-7.24,63,clear sky
2025-02-20 17:28:10,-3.79,41,clear sky
2025-02-20 17:38:23,-6.24,63,clear sky
2025-02-20 17:46:53,-6.24,63,clear sky
2025-02-20 17:55:08,-6.24,63,clear sky
2025-02-20 18:17:50,-3.97,41,clear sky
2025-02-20 18:39:48,-7.24,63,clear sky
2025-02-20 18:50:12,-7.24,63,clear sky
2025-02-20 18:58:33,-7.24,63,clear sky
2025-02-20 19:17:19,-4.01,42,clear sky
2025-02-20 19:25:10,-9.24,62,clear sky
2025-02-20 21:13:46,-9.24,73,clear sky
2025-02-20 21:27:14,-10.24,79,clear sky
2025-02-20 21:36:05,-10.24,79,clear sky
2025-02-20 21:44:26,-10.24,79,clear sky
2025-02-20 21:53:02,-10.24,79,clear sky
2025-02-20 22:08:28,-10.24,79,clear sky
2025-02-20 22:29:08,-10.24,85,clear sky
2025-02-20 22:40:30,-10.24,85,clear sky
2025-02-20 22:48:59,-10.24,85,clear sky
2025-02-20 22:57:31,-10.24,85,clear sky
2025-02-20 23:17:11,-4.48,47,clear sky
2025-02-20 23:29:46,-7.24,73,clear sky
2025-02-20 23:39:01,-7.24,73,clear sky
2025-02-20 23:47:53,-7.24,73,clear sky
2025-02-20 23:56:07,-7.24,73,clear sky
2025-02-21 01:11:14,-3.24,59,clear sky
2025-02-21 02:29:55,-0.24,32,clear sky
2025-02-21 03:02:14,-0.24,32,clear sky
2025-02-21 03:28:57,0.76,32,clear sky
2025-02-21 03:42:23,0.76,32,clear sky
2025-02-21 03:50:53,0.76,32,clear sky
2025-02-21 03:59:21,0.76,32,clear sky
2025-02-21 04:28:05,0.76,32,clear sky
2025-02-21 04:43:55,0.76,32,clear sky
2025-02-21 04:52:33,0.76,32,clear sky
2025-02-21 05:08:16,-0.26,28,clear sky
2025-02-21 05:28:54,0.76,32,clear sky
2025-02-21 05:39:55,0.76,32,clear sky
2025-02-21 05:48:39,0.76,32,clear sky
2025-02-21 05:56:56,0.76,32,clear sky
2025-02-21 06:23:34,0.76,37,clear sky
2025-02-21 06:41:43,0.76,37,clear sky
2025-02-21 06:50:30,0.76,37,clear sky
2025-02-21 06:59:15,0.76,37,clear sky
2025-02-21 07:20:08,0.76,40,clear sky
2025-02-21 07:29:16,0.76,40,clear sky
2025-02-21 07:38:08,0.76,40,clear sky
2025-02-21 07:46:53,0.76,40,clear sky
2025-02-21 07:55:26,0.76,40,clear sky
2025-02-21 08:17:49,0.11,24,clear sky
2025-02-21 08:36:00,1.76,30,clear sky
2025-02-21 08:46:47,1.76,30,clear sky
2025-02-21 08:55:27,1.76,30,clear sky
2025-02-21 09:14:12,-0.76,26,clear sky
2025-02-21 09:29:38,-0.24,27,clear sky
2025-02-21 09:39:57,-0.24,27,clear sky
2025-02-21 09:48:32,-0.24,27,clear sky
2025-02-21 09:56:44,-0.24,27,clear sky
2025-02-21 10:17:27,-1.6,29,clear sky
2025-02-21 10:35:49,-2.24,37,clear sky
2025-02-21 10:44:28,-2.24,37,clear sky
2025-02-21 10:53:07,-2.24,37,clear sky
2025-02-21 11:07:48,-2.24,37,clear sky
2025-02-21 11:23:34,-2.15,33,clear sky
2025-02-21 11:33:01,-2.24,40,clear sky
2025-02-21 11:41:14,-2.24,40,clear sky
2025-02-21 11:49:37,-2.24,40,clear sky
2025-02-21 11:58:08,-2.24,40,clear sky
2025-02-21 12:37:49,-3.24,46,clear sky
2025-02-21 13:02:23,-3.24,46,clear sky
2025-02-21 13:27:43,-4.24,50,clear sky
2025-02-21 13:38:21,-4.24,50,clear sky
2025-02-21 13:46:49,-4.24,50,clear sky
2025-02-21 13:55:17,-4.24,50,clear sky
2025-02-21 14:11:29,-2.6,40,clear sky
2025-02-21 14:29:31,-4.24,50,clear sky
2025-02-21 14:41:03,-4.24,50,clear sky
2025-02-21 14:49:36,-4.24,50,clear sky
2025-02-21 14:57:58,-4.24,50,clear sky
2025-02-21 15:19:37,-2.53,38,few clouds
2025-02-21 15:32:17,-4.24,54,clear sky
2025-02-21 15:41:47,-4.24,54,clear sky
2025-02-21 15:50:12,-4.24,54,clear sky
2025-02-21 15:58:46,-4.24,54,clear sky
2025-02-21 16:25:56,-2.93,36,few clouds
2025-02-21 16:41:13,-5.24,58,clear sky
2025-02-21 16:49:45,-5.24,58,clear sky
2025-02-21 16:58:21,-5.24,58,clear sky
2025-02-21 17:16:54,-3.39,38,few clouds
2025-02-21 17:29:02,-5.24,63,clear sky
2025-02-21 17:38:00,-5.24,63,clear sky
2025-02-21 17:46:15,-5.24,63,clear sky
2025-02-21 17:54:37,-5.24,63,clear sky
2025-02-21 18:16:24,-3.93,38,clear sky
2025-02-21 18:38:39,-6.24,73,clear sky
2025-02-21 18:48:52,-6.24,73,clear sky
2025-02-21 18:57:14,-6.24,73,clear sky
2025-02-21 19:13:18,-6.24,73,clear sky
2025-02-21 19:22:51,-4,38,clear sky
2025-02-21 19:31:45,-7.24,73,clear sky
2025-02-21 19:40:04,-7.24,73,clear sky
2025-02-21 19:48:39,-7.24,73,clear sky
2025-02-21 19:57:06,-7.24,73,clear sky
2025-02-21 20:18:06,-4.18,40,clear sky
2025-02-21 20:31:09,-8.24,86,clear sky
2025-02-21 20:41:06,-8.24,86,clear sky
2025-02-21 20:49:48,-8.24,86,clear sky
2025-02-21 20:58:21,-8.24,86,clear sky
2025-02-21 21:16:17,-8.24,86,clear sky
2025-02-21 21:27:03,-7.24,73,clear sky
2025-02-21 21:36:20,-7.24,73,clear sky
2025-02-21 21:44:41,-7.24,73,clear sky
2025-02-21 21:53:15,-7.24,73,clear sky
2025-02-21 22:08:38,-7.24,73,clear sky
2025-02-21 22:28:53,-7.24,79,clear sky
2025-02-21 22:39:51,-7.24,79,clear sky
2025-02-21 22:48:34,-7.24,79,clear sky
2025-02-21 22:57:11,-7.24,79,clear sky
2025-02-21 23:17:43,-4.52,41,clear sky
2025-02-21 23:29:44,-6.24,73,clear sky
2025-02-21 23:38:54,-6.24,73,clear sky
2025-02-21 23:47:14,-6.24,73,clear sky
2025-02-21 23:55:44,-6.24,73,clear sky
2025-02-22 01:05:58,-3.24,59,clear sky
2025-02-22 02:18:41,-2.32,30,clear sky
2025-02-22 02:55:45,-0.24,34,clear sky
2025-02-22 03:16:33,-0.24,34,clear sky
2025-02-22 03:33:03,0.76,34,clear sky
2025-02-22 03:42:09,0.76,34,clear sky
2025-02-22 03:50:52,0.76,34,clear sky
2025-02-22 03:59:16,0.76,34,clear sky
2025-02-22 04:26:36,1.76,32,clear sky
2025-02-22 04:40:53,1.76,32,clear sky
2025-02-22 04:49:22,1.76,32,clear sky
2025-02-22 04:57:57,1.76,32,clear sky
2025-02-22 05:17:11,-0.41,25,clear sky
2025-02-22 05:31:21,0.76,34,clear sky
2025-02-22 05:40:00,0.76,34,clear sky
2025-02-22 05:48:41,0.76,34,clear sky
2025-02-22 05:57:10,0.76,34,clear sky
2025-02-22 06:24:27,0.76,37,clear sky
2025-02-22 06:42:40,0.76,37,clear sky
2025-02-22 06:51:00,0.76,37,clear sky
2025-02-22 06:59:16,0.76,37,clear sky
2025-02-22 07:18:02,-0.02,28,clear sky
2025-02-22 07:26:33,0.76,37,clear sky
2025-02-22 07:35:51,0.76,37,clear sky
2025-02-22 07:44:23,0.76,37,clear sky
2025-02-22 07:52:41,0.76,37,clear sky
2025-02-22 08:09:37,-0.03,28,clear sky
2025-02-22 08:29:45,0.76,37,clear sky
2025-02-22 08:41:59,0.76,37,clear sky
2025-02-22 08:50:32,0.76,37,clear sky
2025-02-22 08:59:06,0.76,37,clear sky
2025-02-22 09:20:53,-1.24,47,clear sky
2025-02-22 09:30:24,-1.24,47,clear sky
2025-02-22 09:38:50,-1.24,47,clear sky
2025-02-22 09:47:42,-1.24,47,clear sky
2025-02-22 09:56:15,-1.24,47,clear sky
2025-02-22 10:14:47,-1.44,31,clear sky
2025-02-22 10:34:57,-1.24,51,clear sky
2025-02-22 10:44:08,-1.24,51,clear sky
2025-02-22 10:52:37,-1.24,51,clear sky
2025-02-22 11:04:31,-1.24,51,clear sky
2025-02-22 11:18:26,-2.26,34,clear sky
2025-02-22 11:27:05,-2.26,34,clear sky
2025-02-22 11:36:33,-2.24,37,clear sky
2025-02-22 11:45:03,-2.24,37,clear sky
2025-02-22 11:53:22,-2.24,37,clear sky
2025-02-22 12:15:30,-2.81,35,few clouds
2025-02-22 12:47:58,-4.24,42,clear sky
2025-02-22 13:06:18,-4.24,42,clear sky
2025-02-22 13:25:29,-5.24,46,clear sky
2025-02-22 13:34:53,-5.24,46,clear sky
2025-02-22 13:43:21,-5.24,46,clear sky
2025-02-22 13:51:54,-5.24,46,clear sky
2025-02-22 14:00:23,-5.24,46,clear sky
2025-02-22 14:19:48,-5.24,50,clear sky
2025-02-22 14:31:05,-5.24,50,clear sky
2025-02-22 14:39:42,-5.24,50,clear sky
2025-02-22 14:48:24,-5.24,50,clear sky
2025-02-22 14:56:58,-5.24,50,clear sky
2025-02-22 15:15:19,-5.24,50,clear sky
2025-02-22 15:28:19,-6.24,53,clear sky
2025-02-22 15:37:07,-6.24,53,clear sky
2025-02-22 15:45:29,-6.24,53,clear sky
2025-02-22 15:54:05,-6.24,53,clear sky
2025-02-22 16:11:34,-6.24,53,clear sky
2025-02-22 16:31:12,-6.24,58,clear sky
2025-02-22 16:42:25,-6.24,58,clear sky
2025-02-22 16:50:50,-6.24,58,clear sky
2025-02-22 16:59:10,-6.24,58,clear sky
2025-02-22 17:18:35,-6.24,58,clear sky
2025-02-22 17:31:31,-8.24,62,clear sky
2025-02-22 17:39:57,-8.24,62,clear sky
2025-02-22 17:48:32,-8.24,62,clear sky
2025-02-22 17:57:00,-8.24,62,clear sky
2025-02-22 18:20:59,-7.24,58,clear sky
2025-02-22 18:37:32,-7.24,58,clear sky
2025-02-22 18:46:08,-7.24,58,clear sky
2025-02-22 18:54:38,-7.24,58,clear sky
2025-02-22 19:09:29,-7.24,58,clear sky
2025-02-22 19:20:48,-4.19,39,clear sky
2025-02-22 19:29:14,-9.24,67,clear sky
2025-02-22 19:37:37,-9.24,67,clear sky
2025-02-22 19:46:01,-9.24,67,clear sky
2025-02-22 19:54:15,-9.24,67,clear sky
2025-02-22 20:11:23,-9.24,67,clear sky
2025-02-22 20:26:45,-8.24,67,clear sky
2025-02-22 20:35:57,-8.24,67,clear sky
2025-02-22 20:44:19,-8.24,67,clear sky
2025-02-22 20:52:37,-8.24,67,clear sky
2025-02-22 21:07:36,-8.24,67,clear sky
2025-02-22 21:23:38,-4.75,35,clear sky
2025-02-22 21:32:29,-8.24,67,clear sky
2025-02-22 21:41:05,-8.24,67,clear sky
2025-02-22 21:49:17,-8.24,67,clear sky
2025-02-22 21:57:47,-8.24,67,clear sky
2025-02-22 22:16:04,-4.86,37,clear sky
2025-02-22 22:30:46,-7.24,63,clear sky
2025-02-22 22:39:54,-7.24,63,clear sky
2025-02-22 22:48:25,-7.24,63,clear sky
2025-02-22 22:56:40,-7.24,63,clear sky
2025-02-22 23:14:13,-4.93,37,clear sky
2025-02-22 23:26:15,-4.93,37,clear sky
2025-02-22 23:35:43,-5.24,58,clear sky
2025-02-22 23:44:13,-5.24,58,clear sky
2025-02-22 23:52:38,-5.24,58,clear sky
2025-02-23 00:43:18,-3.24,43,clear sky
2025-02-23 02:12:54,-3.27,32,clear sky
2025-02-23 03:00:24,-1.24,37,clear sky
2025-02-23 03:28:49,-2.56,30,clear sky
2025-02-23 03:42:31,-2.24,34,few clouds
2025-02-23 03:50:45,-2.24,34,few clouds
2025-02-23 03:58:59,-2.24,34,few clouds
2025-02-23 04:25:05,-0.24,32,few clouds
2025-02-23 04:40:50,-0.24,32,few clouds
2025-02-23 04:49:14,-0.24,32,few clouds
2025-02-23 04:57:38,-0.24,32,few clouds
2025-02-23 05:16:37,-1.47,25,clear sky
2025-02-23 05:31:34,-0.24,27,clear sky
2025-02-23 05:40:41,-0.24,27,clear sky
2025-02-23 05:49:18,-0.24,27,clear sky
2025-02-23 05:57:33,-0.24,27,clear sky
2025-02-23 06:23:37,-0.24,29,clear sky
2025-02-23 06:39:52,-0.24,29,clear sky
2025-02-23 06:48:38,-0.24,29,clear sky
2025-02-23 06:57:11,-0.24,29,clear sky
2025-02-23 07:15:03,-0.24,29,clear sky
2025-02-23 07:27:05,-0.24,34,clear sky
2025-02-23 07:36:22,-0.24,34,clear sky
2025-02-23 07:44:54,-0.24,34,clear sky
2025-02-23 07:53:18,-0.24,34,clear sky
2025-02-23 08:11:36,-1.71,26,clear sky
2025-02-23 08:31:25,-0.24,29,clear sky
2025-02-23 08:42:40,-0.24,29,clear sky
2025-02-23 08:51:12,-0.24,29,clear sky
2025-02-23 08:59:32,-0.24,29,clear sky
2025-02-23 09:22:09,-2.42,29,clear sky
2025-02-23 09:31:50,-2.24,34,clear sky
2025-02-23 09:41:09,-2.24,34,clear sky
2025-02-23 09:49:40,-2.24,34,clear sky
2025-02-23 09:58:03,-2.24,34,clear sky
2025-02-23 10:19:24,-3.08,33,clear sky
2025-02-23 10:34:57,-3.24,36,clear sky
2025-02-23 10:43:26,-3.24,36,clear sky
2025-02-23 10:52:04,-3.24,36,clear sky
2025-02-23 11:00:46,-3.24,36,clear sky
2025-02-23 11:18:19,-4.24,42,clear sky
2025-02-23 11:26:45,-4.24,42,clear sky
2025-02-23 11:37:47,-4.24,42,clear sky
2025-02-23 11:46:10,-4.24,42,clear sky
2025-02-23 11:54:27,-4.24,42,clear sky
2025-02-23 12:19:57,-3.59,37,clear sky
2025-02-23 12:50:56,-5.24,50,clear sky
2025-02-23 13:10:31,-5.24,50,clear sky
2025-02-23 13:26:59,-5.24,50,clear sky
2025-02-23 13:36:45,-5.24,50,clear sky
2025-02-23 13:45:05,-5.24,50,clear sky
2025-02-23 13:53:34,-5.24,50,clear sky
2025-02-23 14:09:52,-3.76,39,clear sky
2025-02-23 14:27:47,-6.24,53,clear sky
2025-02-23 14:39:19,-6.24,53,clear sky
2025-02-23 14:47:50,-6.24,53,clear sky
2025-02-23 14:56:19,-6.24,53,clear sky
2025-02-23 15:14:01,-3.63,39,clear sky
2025-02-23 15:27:37,-6.24,53,clear sky
2025-02-23 15:37:43,-6.24,53,clear sky
2025-02-23 15:46:00,-6.24,53,clear sky
2025-02-23 15:54:47,-6.24,53,clear sky
2025-02-23 16:13:16,-3.61,39,clear sky
2025-02-23 16:31:48,-6.24,58,clear sky
2025-02-23 16:42:40,-6.24,58,clear sky
2025-02-23 16:51:14,-6.24,58,clear sky
2025-02-23 16:59:44,-6.24,58,clear sky
2025-02-23 17:18:43,-3.7,39,clear sky
2025-02-23 17:29:57,-8.24,62,clear sky
2025-02-23 17:40:07,-8.24,62,clear sky
2025-02-23 17:48:26,-8.24,62,clear sky
2025-02-23 17:56:55,-8.24,62,clear sky
2025-02-23 18:20:33,-8.24,67,clear sky
2025-02-23 18:37:42,-8.24,67,clear sky
2025-02-23 18:46:03,-8.24,67,clear sky
2025-02-23 18:54:47,-8.24,67,clear sky
2025-02-23 19:09:11,-4,41,clear sky
2025-02-23 19:20:22,-10.24,79,clear sky
2025-02-23 19:28:50,-10.24,79,clear sky
2025-02-23 19:37:57,-10.24,79,clear sky
2025-02-23 19:46:30,-10.24,79,clear sky
2025-02-23 19:54:53,-10.24,79,clear sky
2025-02-23 20:13:04,-4.09,42,clear sky
2025-02-23 20:27:55,-10.24,73,clear sky
2025-02-23 20:38:39,-10.24,73,clear sky
2025-02-23 20:46:57,-10.24,73,clear sky
2025-02-23 20:55:36,-10.24,73,clear sky
2025-02-23 21:12:07,-4.28,42,clear sky
2025-02-23 21:26:11,-9.24,73,clear sky
2025-02-23 21:35:10,-9.24,73,clear sky
2025-02-23 21:43:51,-9.24,73,clear sky
2025-02-23 21:52:11,-9.24,73,clear sky
2025-02-23 22:05:17,-9.24,73,clear sky
2025-02-23 22:26:00,-4.35,43,clear sky
2025-02-23 22:36:45,-10.24,79,clear sky
2025-02-23 22:45:17,-10.24,79,clear sky
2025-02-23 22:53:58,-10.24,79,clear sky
2025-02-23 23:09:50,-10.24,79,clear sky
2025-02-23 23:24:20,-7.24,68,clear sky
2025-02-23 23:33:52,-7.24,68,clear sky
2025-02-23 23:42:11,-7.24,68,clear sky
2025-02-23 23:50:43,-7.24,68,clear sky
2025-02-23 23:58:58,-7.24,68,clear sky
2025-02-24 01:44:24,-0.24,37,clear sky
2025-02-24 02:44:47,0.76,32,clear sky
2025-02-24 03:15:19,-0.67,29,clear sky
2025-02-24 03:37:53,1.76,30,clear sky
2025-02-24 03:49:11,1.76,30,clear sky
2025-02-24 03:57:32,1.76,30,clear sky
2025-02-24 04:21:47,0.38,26,clear sky
2025-02-24 04:37:56,2.76,30,clear sky
2025-02-24 04:46:18,2.76,30,clear sky
2025-02-24 04:54:49,2.76,30,clear sky
2025-02-24 05:12:59,1.22,24,clear sky
2025-02-24 05:31:00,3.76,33,clear sky
2025-02-24 05:41:31,3.76,33,clear sky
2025-02-24 05:50:07,3.76,33,clear sky
2025-02-24 05:58:28,3.76,33,clear sky
2025-02-24 06:29:55,3.76,33,clear sky
2025-02-24 06:46:54,3.76,33,clear sky
2025-02-24 06:55:31,3.76,33,clear sky
2025-02-24 07:13:55,2.2,24,clear sky
2025-02-24 07:27:20,3.76,30,clear sky
2025-02-24 07:36:26,3.76,30,clear sky
2025-02-24 07:44:49,3.76,30,clear sky
2025-02-24 07:53:35,3.76,30,clear sky
2025-02-24 08:14:29,3.76,30,clear sky
2025-02-24 08:48:31,3.76,30,clear sky
2025-02-24 08:56:51,3.76,30,clear sky
2025-02-24 09:18:58,1.87,27,clear sky
2025-02-24 09:33:15,1.76,35,clear sky
2025-02-24 09:42:37,1.76,35,clear sky
2025-02-24 09:50:48,1.76,35,clear sky
2025-02-24 09:59:25,1.76,35,clear sky
2025-02-24 10:24:56,0.76,40,clear sky
2025-02-24 10:40:32,0.76,40,clear sky
2025-02-24 10:49:17,0.76,40,clear sky
2025-02-24 10:57:57,0.76,40,clear sky
2025-02-24 11:15:56,0.54,35,clear sky
2025-02-24 11:26:48,0.76,60,clear sky
2025-02-24 11:36:36,0.76,60,clear sky
2025-02-24 11:44:55,0.76,60,clear sky
2025-02-24 11:53:27,0.76,60,clear sky
2025-02-24 12:19:16,0.11,38,clear sky
2025-02-24 12:55:34,0.76,64,clear sky
2025-02-24 13:22:08,-0.24,69,clear sky
2025-02-24 13:38:27,-0.24,69,clear sky
2025-02-24 13:46:44,-0.24,69,clear sky
2025-02-24 13:55:17,-0.24,69,clear sky
2025-02-24 14:13:34,-0.26,42,clear sky
2025-02-24 14:33:01,-2.24,86,clear sky
2025-02-24 14:44:14,-2.24,86,clear sky
2025-02-24 14:52:42,-2.24,86,clear sky
2025-02-24 15:09:32,-0.36,43,clear sky
2025-02-24 15:30:23,-5.24,93,clear sky
2025-02-24 15:42:37,-5.24,93,clear sky
2025-02-24 15:50:57,-5.24,93,clear sky
2025-02-24 15:59:34,-5.24,93,clear sky
2025-02-24 16:29:33,-0.43,45,clear sky
2025-02-24 16:47:03,-6.24,100,clear sky
2025-02-24 16:55:40,-6.24,100,clear sky
2025-02-24 17:12:49,-6.24,100,clear sky
2025-02-24 17:28:29,-5.24,100,clear sky
2025-02-24 17:38:46,-5.24,100,clear sky
2025-02-24 17:47:22,-5.24,100,clear sky
2025-02-24 17:55:55,-5.24,100,clear sky
2025-02-24 18:20:32,-0.47,57,few clouds
2025-02-24 18:41:18,-7.24,93,clear sky
2025-02-24 18:51:02,-7.24,93,clear sky
2025-02-24 18:59:21,-7.24,93,clear sky
2025-02-24 19:17:34,-0.5,65,few clouds
2025-02-24 19:26:14,-6.24,93,clear sky
2025-02-24 19:36:18,-6.24,93,clear sky
2025-02-24 19:45:05,-6.24,93,clear sky
2025-02-24 19:53:41,-6.24,93,clear sky
2025-02-24 20:12:06,-0.5,68,broken clouds
2025-02-24 20:29:43,-7.24,100,clear sky
2025-02-24 20:41:07,-7.24,100,clear sky
2025-02-24 20:49:37,-7.24,100,clear sky
2025-02-24 20:57:51,-7.24,100,clear sky
2025-02-24 21:16:42,-0.58,69,broken clouds
2025-02-24 21:28:24,-7.24,100,clear sky
2025-02-24 21:38:01,-7.24,100,clear sky
2025-02-24 21:46:36,-7.24,100,clear sky
2025-02-24 21:54:54,-7.24,100,clear sky
2025-02-24 22:12:17,-0.74,68,scattered clouds
2025-02-24 22:31:09,-6.24,100,clear sky
2025-02-24 22:41:44,-6.24,100,clear sky
2025-02-24 22:50:14,-6.24,100,clear sky
2025-02-24 22:58:50,-6.24,100,clear sky
2025-02-24 23:19:48,-0.53,66,scattered clouds
2025-02-24 23:29:56,-3.24,93,clear sky
2025-02-24 23:39:15,-3.24,93,clear sky
2025-02-24 23:47:51,-3.24,93,clear sky
2025-02-24 23:56:21,-3.24,93,clear sky
2025-02-25 01:14:21,1.25,60,broken clouds
2025-02-25 02:33:01,3.76,60,broken clouds
2025-02-25 03:05:13,3.76,60,broken clouds
2025-02-25 03:32:36,5.76,52,broken clouds
2025-02-25 03:45:25,5.76,52,broken clouds
2025-02-25 03:53:54,5.76,52,broken clouds
2025-02-25 04:13:54,3.82,50,overcast clouds
2025-02-25 04:33:27,4.76,56,broken clouds
2025-02-25 04:44:22,4.76,56,broken clouds
2025-02-25 04:52:55,4.76,56,broken clouds
2025-02-25 05:09:21,4.76,56,broken clouds
2025-02-25 05:29:55,4.76,60,broken clouds
2025-02-25 05:41:30,4.76,60,broken clouds
2025-02-25 05:49:53,4.76,60,broken clouds
2025-02-25 05:58:20,4.76,60,broken clouds
2025-02-25 06:28:22,4.76,65,broken clouds
2025-02-25 06:45:32,4.76,65,broken clouds
2025-02-25 06:54:01,4.76,65,broken clouds
2025-02-25 07:11:15,4.56,56,overcast clouds
2025-02-25 07:26:35,5.76,61,broken clouds
2025-02-25 07:35:55,5.76,61,broken clouds
2025-02-25 07:44:29,5.76,61,broken clouds
2025-02-25 07:52:59,5.76,61,broken clouds
2025-02-25 08:12:45,4.44,60,overcast clouds
2025-02-25 08:34:11,4.76,65,broken clouds
2025-02-25 08:47:14,4.76,65,broken clouds
2025-02-25 08:55:34,4.76,65,broken clouds
2025-02-25 09:15:25,3.84,66,overcast clouds
2025-02-25 09:31:16,4.76,70,broken clouds
2025-02-25 09:41:43,4.76,70,broken clouds
2025-02-25 09:50:11,4.76,70,broken clouds
2025-02-25 09:58:37,4.76,70,broken clouds
2025-02-25 10:22:14,3.37,71,overcast clouds
2025-02-25 10:39:32,3.76,75,broken clouds
2025-02-25 10:48:09,3.76,75,broken clouds
2025-02-25 10:56:44,3.76,75,broken clouds
2025-02-25 11:13:56,3.15,76,broken clouds
2025-02-25 11:26:31,3.76,75,broken clouds
2025-02-25 11:36:12,3.76,75,broken clouds
2025-02-25 11:44:49,3.76,75,broken clouds
2025-02-25 11:53:22,3.76,75,broken clouds
2025-02-25 12:18:48,3.76,81,scattered clouds
2025-02-25 12:55:06,3.76,81,scattered clouds
2025-02-25 13:21:22,1.76,93,scattered clouds
2025-02-25 13:37:44,1.76,93,scattered clouds
2025-02-25 13:46:20,1.76,93,scattered clouds
2025-02-25 13:54:59,1.76,93,scattered clouds
2025-02-25 14:12:55,2.47,86,clear sky
2025-02-25 14:33:09,1.76,93,scattered clouds
2025-02-25 14:44:21,1.76,93,scattered clouds
2025-02-25 14:52:39,1.76,93,scattered clouds
2025-02-25 15:09:18,1.76,93,scattered clouds
2025-02-25 15:34:55,2.76,93,scattered clouds
2025-02-25 15:42:23,2.76,93,scattered clouds
2025-02-25 15:50:55,2.76,93,scattered clouds
2025-02-25 15:59:14,2.76,93,scattered clouds
2025-02-25 16:28:35,2.76,93,mist
2025-02-25 16:46:14,2.76,93,mist
2025-02-25 16:54:49,2.76,93,mist
2025-02-25 17:14:03,1.9,90,clear sky
2025-02-25 17:33:06,2.76,100,mist
2025-02-25 17:43:09,2.76,100,mist
2025-02-25 17:51:31,2.76,100,mist
2025-02-25 18:00:00,2.76,100,mist
2025-02-25 18:32:52,2.76,100,mist
2025-02-25 18:47:29,2.76,100,mist
2025-02-25 18:56:01,2.76,100,mist
2025-02-25 19:12:35,2.76,100,mist
2025-02-25 19:23:59,0.58,80,clear sky
2025-02-25 19:33:53,1.76,100,mist
2025-02-25 19:42:23,1.76,100,mist
2025-02-25 19:50:59,1.76,100,mist
2025-02-25 19:59:30,1.76,100,mist
2025-02-25 20:24:35,-0.24,100,mist
2025-02-25 20:36:49,-0.24,100,mist
2025-02-25 20:45:18,-0.24,100,mist
2025-02-25 20:53:49,-0.24,100,mist
2025-02-25 21:10:08,-0.24,100,mist
2025-02-25 21:26:12,-1.24,93,fog
2025-02-25 21:35:55,-1.24,93,fog
2025-02-25 21:44:28,-1.24,93,fog
2025-02-25 21:53:09,-1.24,93,fog
2025-02-25 22:08:51,-1.24,93,fog
2025-02-25 22:29:51,-4.24,100,fog
2025-02-25 22:41:40,-4.24,100,fog
2025-02-25 22:50:21,-4.24,100,fog
2025-02-25 22:58:49,-4.24,100,fog
2025-02-25 23:19:22,-0.39,37,clear sky
2025-02-25 23:29:36,-2.24,93,fog
2025-02-25 23:38:52,-2.24,93,fog
2025-02-25 23:47:25,-2.24,93,fog
2025-02-25 23:56:02,-2.24,93,fog
2025-02-26 01:11:38,2.76,75,mist
2025-02-26 02:32:10,4.76,45,haze
2025-02-26 03:04:31,4.76,45,haze
2025-02-26 03:33:52,6.76,26,clear sky
2025-02-26 03:47:19,6.76,26,clear sky
2025-02-26 03:55:43,6.76,26,clear sky
2025-02-26 04:18:11,5.17,15,clear sky
2025-02-26 04:39:07,7.76,17,clear sky
2025-02-26 04:49:55,7.76,17,clear sky
2025-02-26 04:58:28,7.76,17,clear sky
2025-02-26 05:19:37,5.8,15,clear sky
2025-02-26 05:34:41,7.76,21,clear sky
2025-02-26 05:43:17,7.76,21,clear sky
2025-02-26 05:51:46,7.76,21,clear sky
2025-02-26 05:59:59,7.76,21,clear sky
2025-02-26 06:32:58,7.76,19,clear sky
2025-02-26 06:47:07,7.76,19,clear sky
2025-02-26 06:55:25,7.76,19,clear sky
2025-02-26 07:13:27,7.76,19,clear sky
2025-02-26 07:27:06,7.76,18,clear sky
2025-02-26 07:36:43,7.76,18,clear sky
2025-02-26 07:45:08,7.76,18,clear sky
2025-02-26 07:53:31,7.76,18,clear sky
2025-02-26 08:13:57,5.22,23,clear sky
2025-02-26 08:35:49,6.76,19,clear sky
2025-02-26 08:48:35,6.76,19,clear sky
2025-02-26 08:57:04,6.76,19,clear sky
2025-02-26 09:18:50,4.76,22,clear sky
2025-02-26 09:32:59,4.76,22,clear sky
2025-02-26 09:42:19,4.76,22,clear sky
2025-02-26 09:50:59,4.76,22,clear sky
2025-02-26 09:59:43,4.76,22,clear sky
2025-02-26 10:24:17,2.76,23,clear sky
2025-02-26 10:40:10,2.76,23,clear sky
2025-02-26 10:48:45,2.76,23,clear sky
2025-02-26 10:57:21,2.76,23,clear sky
2025-02-26 11:15:32,2.78,40,clear sky
2025-02-26 11:27:12,1.76,27,clear sky
2025-02-26 11:36:48,1.76,27,clear sky
2025-02-26 11:45:19,1.76,27,clear sky
2025-02-26 11:53:47,1.76,27,clear sky
2025-02-26 12:20:32,2.2,47,clear sky
2025-02-26 12:55:32,0.76,37,clear sky
2025-02-26 13:21:44,-0.24,40,clear sky
2025-02-26 13:37:36,-0.24,40,clear sky
2025-02-26 13:46:12,-0.24,40,clear sky
2025-02-26 13:54:40,-0.24,40,clear sky
2025-02-26 14:12:25,1.11,54,clear sky
2025-02-26 14:32:08,-1.24,51,clear sky
2025-02-26 14:44:04,-1.24,51,clear sky
2025-02-26 14:52:28,-1.24,51,clear sky
2025-02-26 15:08:45,-1.24,51,clear sky
2025-02-26 15:30:41,-4.24,68,clear sky
2025-02-26 15:43:18,-4.24,68,clear sky
2025-02-26 15:51:57,-4.24,68,clear sky
2025-02-26 16:00:32,-4.24,68,clear sky
2025-02-26 16:30:54,-4.24,74,clear sky
2025-02-26 16:47:23,-4.24,74,clear sky
2025-02-26 16:55:42,-4.24,74,clear sky
2025-02-26 17:13:14,-4.24,74,clear sky
2025-02-26 17:29:54,-5.24,63,clear sky
2025-02-26 17:40:30,-5.24,63,clear sky
2025-02-26 17:49:06,-5.24,63,clear sky
2025-02-26 17:57:47,-5.24,63,clear sky
2025-02-26 18:26:21,0.16,58,clear sky
2025-02-26 18:44:28,0.05,55,clear sky
2025-02-26 18:53:08,0.15,57,clear sky
2025-02-26 19:07:42,0.05,55,clear sky
2025-02-26 19:21:05,0.15,57,clear sky
2025-02-26 19:29:34,0.15,57,clear sky
2025-02-26 19:38:54,0.07,56,clear sky
2025-02-26 19:47:08,0.07,56,clear sky
2025-02-26 19:55:48,-6.24,73,clear sky
2025-02-26 20:16:11,-6.24,73,clear sky
2025-02-26 20:31:37,-6.24,73,clear sky
2025-02-26 20:42:03,-6.24,73,clear sky
2025-02-26 20:50:40,-6.24,73,clear sky
2025-02-26 20:59:17,-6.24,73,clear sky
2025-02-26 21:20:38,0.01,54,clear sky
2025-02-26 21:30:21,-6.24,79,clear sky
2025-02-26 21:39:19,-6.24,79,clear sky
2025-02-26 21:47:58,-6.24,79,clear sky
2025-02-26 21:56:16,-6.24,79,clear sky
2025-02-26 22:14:47,-6.24,79,clear sky
2025-02-26 22:32:28,-6.24,86,clear sky
2025-02-26 22:42:35,-6.24,86,clear sky
2025-02-26 22:51:20,-6.24,86,clear sky
2025-02-26 22:59:50,-6.24,86,clear sky
2025-02-26 23:23:14,-4.24,80,clear sky
2025-02-26 23:34:16,-4.24,80,clear sky
2025-02-26 23:42:47,-4.24,80,clear sky
2025-02-26 23:51:25,-4.24,80,clear sky
2025-02-26 23:59:54,-4.24,80,clear sky
2025-02-27 01:51:48,5.76,24,clear sky
2025-02-27 02:44:56,8.76,25,clear sky
2025-02-27 03:14:54,9.76,16,clear sky
2025-02-27 03:38:41,9.76,16,clear sky
2025-02-27 03:49:22,9.76,16,clear sky
2025-02-27 03:57:53,9.76,16,clear sky
2025-02-27 04:22:45,11.76,13,clear sky
2025-02-27 04:39:34,11.76,13,clear sky
2025-02-27 04:48:37,11.76,13,clear sky
2025-02-27 04:57:02,11.76,13,clear sky
2025-02-27 05:18:04,12.76,11,clear sky
2025-02-27 05:34:47,12.76,11,clear sky
2025-02-27 05:44:04,12.76,11,clear sky
2025-02-27 05:52:47,12.76,11,clear sky
2025-02-27 06:12:43,12.76,11,clear sky
2025-02-27 06:37:55,12.76,11,few clouds
2025-02-27 06:49:50,12.76,11,few clouds
2025-02-27 06:58:26,12.76,11,few clouds
2025-02-27 07:18:50,12.76,13,clear sky
2025-02-27 07:29:20,12.76,13,clear sky
2025-02-27 07:38:26,12.76,13,clear sky
2025-02-27 07:46:57,12.76,13,clear sky
2025-02-27 07:55:30,12.76,13,clear sky
2025-02-27 08:17:48,11.76,16,clear sky
2025-02-27 08:37:38,11.76,16,clear sky
2025-02-27 08:49:14,11.76,16,clear sky
2025-02-27 08:57:38,11.76,16,clear sky
2025-02-27 09:19:43,8.93,15,broken clouds
2025-02-27 09:33:32,10.76,19,clear sky
2025-02-27 09:42:27,10.76,19,clear sky
2025-02-27 09:51:15,10.76,19,clear sky
2025-02-27 09:59:32,10.76,19,clear sky
2025-02-27 10:24:29,6.76,31,clear sky
2025-02-27 10:40:15,6.76,31,clear sky
2025-02-27 10:48:48,6.76,31,clear sky
2025-02-27 10:57:18,6.76,31,clear sky
2025-02-27 11:14:38,6.76,31,clear sky
2025-02-27 11:26:08,2.76,41,clear sky
2025-02-27 11:36:07,2.76,41,clear sky
2025-02-27 11:44:21,2.76,41,clear sky
2025-02-27 11:52:44,2.76,41,clear sky
2025-02-27 12:16:16,2.76,41,clear sky
2025-02-27 12:54:27,2.76,41,clear sky
2025-02-27 13:20:44,5.92,17,overcast clouds
2025-02-27 13:37:59,-0.24,51,clear sky
2025-02-27 13:46:13,-0.24,51,clear sky
2025-02-27 13:54:32,-0.24,51,clear sky
2025-02-27 14:12:05,5.29,18,overcast clouds
2025-02-27 14:32:06,-0.24,59,clear sky
2025-02-27 14:43:48,-0.24,59,clear sky
2025-02-27 14:52:26,-0.24,59,clear sky
2025-02-27 15:08:49,-0.24,59,clear sky
2025-02-27 15:29:47,0.76,60,broken clouds
2025-02-27 15:40:53,0.76,60,broken clouds
2025-02-27 15:50:33,0.76,60,broken clouds
2025-02-27 15:58:13,0.76,60,broken clouds
2025-02-27 16:26:23,-0.24,69,broken clouds
2025-02-27 16:45:01,-0.24,69,broken clouds
2025-02-27 16:53:46,-0.24,69,broken clouds
2025-02-27 17:09:54,-0.24,69,broken clouds
2025-02-27 17:29:06,0.76,75,broken clouds
2025-02-27 17:40:11,0.76,75,broken clouds
2025-02-27 17:48:23,0.76,75,broken clouds
2025-02-27 17:56:55,0.76,75,broken clouds
2025-02-27 18:24:08,3.52,27,broken clouds
2025-02-27 18:42:59,0.76,64,broken clouds
2025-02-27 18:51:59,0.76,64,broken clouds
2025-02-27 19:00:37,0.76,64,broken clouds
2025-02-27 19:18:57,-0.24,64,scattered clouds
2025-02-27 19:27:11,-0.24,64,scattered clouds
2025-02-27 19:36:53,-0.24,64,scattered clouds
2025-02-27 19:45:08,-0.24,64,scattered clouds
2025-02-27 19:53:50,-0.24,64,scattered clouds
2025-02-27 20:12:19,-0.24,64,scattered clouds
2025-02-27 20:30:05,-0.24,69,broken clouds
2025-02-27 20:41:27,-0.24,69,broken clouds
2025-02-27 20:49:54,-0.24,69,broken clouds
2025-02-27 20:58:32,-0.24,69,broken clouds
2025-02-27 21:19:07,-0.24,80,broken clouds
2025-02-27 21:30:21,-0.24,80,broken clouds
2025-02-27 21:39:47,-0.24,80,broken clouds
2025-02-27 21:48:13,-0.24,80,broken clouds
2025-02-27 21:56:41,-0.24,80,broken clouds
2025-02-27 22:16:47,3.61,41,broken clouds
2025-02-27 22:34:36,1.76,64,broken clouds
2025-02-27 22:43:45,1.76,64,broken clouds
2025-02-27 22:52:25,1.76,64,broken clouds
2025-02-27 23:07:57,1.76,64,broken clouds
2025-02-27 23:25:29,1.76,75,broken clouds
2025-02-27 23:35:11,1.76,75,broken clouds
2025-02-27 23:43:42,1.76,75,broken clouds
2025-02-27 23:52:17,1.76,75,broken clouds
2025-02-28 00:37:59,4.76,52,broken clouds
2025-02-28 02:09:04,6.76,49,broken clouds
2025-02-28 02:59:28,9.76,40,broken clouds
2025-02-28 03:29:15,10.76,58,broken clouds
2025-02-28 03:44:56,10.76,58,broken clouds
2025-02-28 03:53:36,10.76,58,broken clouds
2025-02-28 04:13:07,10.76,58,broken clouds
2025-02-28 04:33:44,10.76,62,broken clouds
2025-02-28 04:45:36,10.76,62,broken clouds
2025-02-28 04:54:00,10.76,62,broken clouds
2025-02-28 05:11:35,10.76,62,broken clouds
2025-02-28 05:31:39,10.76,62,broken clouds
2025-02-28 05:42:59,10.76,62,broken clouds
2025-02-28 05:51:21,10.76,62,broken clouds
2025-02-28 05:59:44,10.76,62,broken clouds
2025-02-28 06:32:06,11.76,58,broken clouds
2025-02-28 06:46:56,11.76,58,broken clouds
2025-02-28 06:55:25,11.76,58,broken clouds
2025-02-28 07:13:56,11.76,58,broken clouds
2025-02-28 07:27:37,11.76,58,broken clouds
2025-02-28 07:36:47,11.76,58,broken clouds
2025-02-28 07:45:19,11.76,58,broken clouds
2025-02-28 07:53:38,11.76,58,broken clouds
2025-02-28 08:14:02,10.76,66,scattered clouds
2025-02-28 08:34:20,10.76,66,scattered clouds
2025-02-28 08:47:04,10.76,66,scattered clouds
2025-02-28 08:55:36,10.76,66,scattered clouds
2025-02-28 09:15:36,10.76,66,scattered clouds
2025-02-28 09:31:09,9.76,71,clear sky
2025-02-28 09:41:12,9.76,71,clear sky
2025-02-28 09:49:54,9.76,71,clear sky
2025-02-28 09:58:12,9.76,71,clear sky
2025-02-28 10:20:42,4.76,87,clear sky
2025-02-28 10:38:06,4.76,87,clear sky
2025-02-28 10:46:28,4.76,87,clear sky
2025-02-28 10:55:11,4.76,87,clear sky
2025-02-28 11:11:27,4.76,87,clear sky
2025-02-28 11:24:31,4.76,100,clear sky
2025-02-28 11:34:21,4.76,100,clear sky
2025-02-28 11:42:54,4.76,100,clear sky
2025-02-28 11:51:27,4.76,100,clear sky
2025-02-28 11:59:50,4.76,100,clear sky
2025-02-28 12:46:13,3.76,100,clear sky
2025-02-28 13:12:12,3.76,100,clear sky
2025-02-28 13:32:19,3.76,100,mist
2025-02-28 13:41:55,3.76,100,mist
2025-02-28 13:50:41,3.76,100,mist
2025-02-28 13:59:18,3.76,100,mist
2025-02-28 14:21:01,0.76,100,mist
2025-02-28 14:36:52,0.76,100,mist
2025-02-28 14:45:29,0.76,100,mist
2025-02-28 14:53:46,0.76,100,mist
2025-02-28 15:11:10,0.76,100,mist
2025-02-28 15:29:41,0.76,100,fog
2025-02-28 15:41:30,0.76,100,fog
2025-02-28 15:49:52,0.76,100,fog
2025-02-28 15:58:22,0.76,100,fog
2025-02-28 16:25:49,-1.24,100,fog
2025-02-28 16:43:29,-1.24,100,fog
2025-02-28 16:52:09,-0.24,93,fog
2025-02-28 17:06:44,-0.24,93,fog
2025-02-28 17:24:59,-0.24,100,fog
2025-02-28 17:36:55,-0.24,100,fog
2025-02-28 17:45:07,-0.24,100,fog
2025-02-28 17:53:37,-0.24,100,fog
2025-02-28 18:14:16,-0.24,100,fog
2025-02-28 18:38:35,-1.24,100,fog
2025-02-28 18:49:57,-1.24,100,fog
2025-02-28 18:58:28,-1.24,100,fog
2025-02-28 19:17:25,-0.24,100,fog
2025-02-28 19:27:25,-0.24,100,fog
2025-02-28 19:36:44,-0.24,100,fog
2025-02-28 19:45:20,-0.24,100,fog
2025-02-28 19:53:36,-0.24,100,fog
2025-02-28 20:11:23,3.59,79,overcast clouds
2025-02-28 20:29:14,-0.24,100,fog
2025-02-28 20:41:41,-0.24,100,fog
2025-02-28 20:50:08,-0.24,100,fog
2025-02-28 20:58:28,-0.24,100,fog
2025-02-28 21:18:27,3.56,79,overcast clouds
2025-02-28 21:29:28,-1.24,100,fog
2025-02-28 21:38:44,-1.24,100,fog
2025-02-28 21:47:32,-1.24,100,fog
2025-02-28 21:56:01,-1.24,100,fog
2025-02-28 22:14:11,3.51,77,overcast clouds
2025-02-28 22:32:21,-1.24,100,fog
2025-02-28 22:42:07,-1.24,100,fog
2025-02-28 22:50:29,-0.24,100,fog
2025-02-28 22:58:59,-0.24,93,fog
2025-02-28 23:19:37,-0.24,93,fog
2025-02-28 23:29:36,-0.24,100,fog
2025-02-28 23:38:52,-0.24,100,fog
2025-02-28 23:47:28,-0.24,100,fog
2025-02-28 23:56:08,-0.24,100,fog
2025-03-01 01:17:09,5.62,63,overcast clouds
2025-03-01 02:38:24,8.76,71,mist
2025-03-01 03:18:58,8.01,52,overcast clouds
2025-03-01 03:43:15,13.76,44,haze
2025-03-01 03:52:21,13.76,44,haze
2025-03-01 04:09:25,13.76,44,haze
2025-03-01 04:30:45,12.76,47,overcast clouds
2025-03-01 04:42:42,12.76,47,haze
2025-03-01 04:50:58,12.76,47,light rain
2025-03-01 04:59:18,12.76,47,haze
2025-03-01 05:20:13,8.49,49,moderate rain
2025-03-01 05:33:17,11.76,54,light rain
2025-03-01 05:41:45,11.76,54,light rain
2025-03-01 05:50:23,11.76,54,moderate rain
2025-03-01 05:58:39,11.76,54,moderate rain
2025-03-01 06:28:14,10.76,82,moderate rain
2025-03-01 06:44:39,10.76,82,moderate rain
2025-03-01 06:53:14,10.76,82,light rain
2025-03-01 07:08:40,10.76,82,broken clouds
2025-03-01 07:24:03,7.75,60,overcast clouds
2025-03-01 07:33:23,11.76,66,overcast clouds
2025-03-01 07:41:48,11.76,66,haze
2025-03-01 07:50:05,11.76,66,haze
2025-03-01 07:58:36,11.76,66,haze
2025-03-01 08:24:16,11.76,62,haze
2025-03-01 08:39:03,11.76,62,haze
2025-03-01 08:48:05,11.76,62,haze
2025-03-01 08:56:22,11.76,62,haze
2025-03-01 09:15:10,11.76,62,haze
2025-03-01 09:28:58,10.76,71,haze
2025-03-01 09:38:20,10.76,71,haze
2025-03-01 09:46:57,10.76,71,haze
2025-03-01 09:55:22,10.76,71,haze
2025-03-01 10:13:24,10.76,71,haze
2025-03-01 10:31:38,9.76,76,overcast clouds
2025-03-01 10:41:31,9.76,76,broken clouds
2025-03-01 10:50:06,9.76,76,broken clouds
2025-03-01 10:58:26,9.76,76,broken clouds
2025-03-01 11:15:06,7.58,65,overcast clouds
2025-03-01 11:24:26,7.58,65,overcast clouds
2025-03-01 11:35:18,7.76,81,overcast clouds
2025-03-01 11:43:46,7.76,81,broken clouds
2025-03-01 11:52:04,7.76,81,broken clouds
2025-03-01 12:11:53,7.65,64,overcast clouds
2025-03-01 12:47:55,5.76,100,mist
2025-03-01 13:09:35,8.21,49,overcast clouds
2025-03-01 13:27:53,8.21,49,overcast clouds
2025-03-01 13:37:04,6.76,93,mist
2025-03-01 13:45:22,6.76,93,mist
2025-03-01 13:53:49,6.76,93,mist
2025-03-01 14:08:49,6.76,93,mist
2025-03-01 14:28:00,6.76,87,mist
2025-03-01 14:38:31,6.76,87,mist
2025-03-01 14:46:54,6.76,87,mist
2025-03-01 14:55:27,6.76,87,mist
2025-03-01 15:12:55,6.76,87,mist
2025-03-01 15:29:15,3.76,100,mist
2025-03-01 15:39:27,3.76,100,mist
2025-03-01 15:48:12,3.76,100,mist
2025-03-01 15:56:48,3.76,100,mist
2025-03-01 16:18:33,7.07,55,broken clouds
2025-03-01 16:35:57,3.76,100,mist
2025-03-01 16:45:04,3.76,100,mist
2025-03-01 16:53:32,3.76,100,mist
2025-03-01 17:07:52,3.76,100,mist
2025-03-01 17:25:07,6.77,56,broken clouds
2025-03-01 17:34:31,3.76,100,mist
2025-03-01 17:42:48,3.76,100,mist
2025-03-01 17:51:00,3.76,100,mist
2025-03-01 17:59:20,3.76,100,mist
2025-03-01 18:27:34,6.47,56,broken clouds
2025-03-01 18:41:42,3.76,100,mist
2025-03-01 18:50:26,3.76,100,mist
2025-03-01 18:58:52,3.76,100,mist
2025-03-01 19:15:08,4.76,100,mist
2025-03-01 19:23:39,4.76,100,mist
2025-03-01 19:32:45,4.76,100,mist
2025-03-01 19:41:22,4.76,100,mist
2025-03-01 19:50:01,4.76,100,mist
2025-03-01 19:58:31,4.76,100,mist
2025-03-01 20:20:09,7.26,53,overcast clouds
2025-03-01 20:30:57,5.76,93,mist
2025-03-01 20:40:34,5.76,93,mist
2025-03-01 20:49:21,5.76,93,mist
2025-03-01 20:58:00,5.76,93,mist
2025-03-01 21:16:26,7.18,51,overcast clouds
2025-03-01 21:29:20,4.76,100,mist
2025-03-01 21:37:54,4.76,100,mist
2025-03-01 21:46:17,4.76,100,mist
2025-03-01 21:54:41,4.76,100,mist
2025-03-01 22:10:57,4.76,100,mist
2025-03-01 22:29:35,4.76,100,mist
2025-03-01 22:40:08,4.76,100,mist
2025-03-01 22:48:51,4.76,100,mist
2025-03-01 22:57:05,4.76,100,mist
2025-03-01 23:17:05,7.21,50,overcast clouds
2025-03-01 23:29:09,7.21,50,overcast clouds
2025-03-01 23:38:19,5.76,87,mist
2025-03-01 23:46:37,5.76,87,mist
2025-03-01 23:54:52,5.76,87,mist
2025-03-02 01:05:32,6.76,81,broken clouds
2025-03-02 02:34:47,10.76,62,light rain
2025-03-02 03:08:19,10.76,62,broken clouds
2025-03-02 03:35:57,12.76,54,broken clouds
2025-03-02 03:47:49,12.76,54,broken clouds
2025-03-02 03:56:19,12.76,54,broken clouds
2025-03-02 04:17:49,14.76,41,clear sky
2025-03-02 04:34:01,14.76,41,clear sky
2025-03-02 04:43:44,14.76,41,clear sky
2025-03-02 04:51:58,14.76,41,clear sky
2025-03-02 05:00:38,14.76,41,clear sky
2025-03-02 05:24:13,8.99,45,overcast clouds
2025-03-02 05:37:06,8.99,45,overcast clouds
2025-03-02 05:45:33,13.76,41,clear sky
2025-03-02 05:54:03,13.76,41,clear sky
2025-03-02 06:15:18,13.76,41,clear sky
2025-03-02 06:37:28,13.76,35,moderate rain
2025-03-02 06:47:37,13.76,35,moderate rain
2025-03-02 06:55:53,13.76,35,moderate rain
2025-03-02 07:12:59,8.09,64,moderate rain
2025-03-02 07:25:34,10.76,62,moderate rain
2025-03-02 07:35:14,10.76,62,moderate rain
2025-03-02 07:43:51,10.76,62,moderate rain
2025-03-02 07:52:22,10.76,62,moderate rain
2025-03-02 08:09:20,10.76,62,moderate rain
2025-03-02 08:30:14,7.76,93,moderate rain
2025-03-02 08:42:46,7.76,93,moderate rain
2025-03-02 08:51:02,7.76,93,moderate rain
2025-03-02 08:59:31,7.76,93,moderate rain
2025-03-02 09:22:34,6.78,87,heavy intensity rain
2025-03-02 09:32:38,6.76,100,moderate rain
2025-03-02 09:41:50,6.76,100,moderate rain
2025-03-02 09:50:21,6.76,100,moderate rain
2025-03-02 09:58:37,6.76,100,moderate rain
2025-03-02 10:20:08,4.57,84,moderate rain
2025-03-02 10:35:25,5.76,93,moderate rain
2025-03-02 10:43:47,5.76,93,moderate rain
2025-03-02 10:52:20,5.76,93,moderate rain
2025-03-02 11:03:03,5.76,93,moderate rain
2025-03-02 11:19:13,4.76,93,moderate rain
2025-03-02 11:27:36,4.76,93,moderate rain
2025-03-02 11:36:57,4.76,93,moderate rain
2025-03-02 11:45:32,4.76,93,light rain
2025-03-02 11:54:00,4.76,93,moderate rain
2025-03-02 12:18:24,3.93,81,light rain
2025-03-02 12:49:49,4.76,87,light rain
2025-03-02 13:10:17,3.2,78,moderate rain
2025-03-02 13:28:09,3.2,78,moderate rain
2025-03-02 13:37:18,3.76,93,moderate rain
2025-03-02 13:45:47,3.76,93,light rain
2025-03-02 13:54:04,3.76,93,light rain
2025-03-02 14:10:03,3.76,93,light rain
2025-03-02 14:28:19,2.76,93,moderate rain
2025-03-02 14:38:49,2.76,93,moderate rain
2025-03-02 14:47:20,2.76,93,moderate rain
2025-03-02 14:55:41,2.76,93,moderate rain
2025-03-02 15:14:00,1,93,snow
2025-03-02 15:28:36,2.76,93,moderate rain
2025-03-02 15:38:40,2.76,93,heavy intensity rain
2025-03-02 15:46:52,2.76,93,moderate rain
2025-03-02 15:55:34,2.76,93,moderate rain
2025-03-02 16:16:09,2.76,93,moderate rain
2025-03-02 16:34:40,2.76,93,moderate rain
2025-03-02 16:44:35,2.76,93,moderate rain
2025-03-02 16:53:11,2.76,93,moderate rain
2025-03-02 17:07:35,2.76,93,heavy intensity rain
2025-03-02 17:24:31,0.46,100,snow
2025-03-02 17:35:14,2.76,93,moderate rain
2025-03-02 17:43:36,2.76,93,moderate rain
2025-03-02 17:51:56,2.76,93,moderate rain
2025-03-02 18:00:40,2.76,93,moderate rain
2025-03-02 18:31:10,1.76,100,light rain
2025-03-02 18:45:38,1.76,100,light rain
2025-03-02 18:53:58,1.76,100,moderate rain
2025-03-02 19:08:28,1.76,100,light rain
2025-03-02 19:21:14,0.25,98,snow
2025-03-02 19:29:37,0.25,98,snow
2025-03-02 19:38:20,1.76,100,moderate rain
2025-03-02 19:47:00,1.76,100,light rain
2025-03-02 19:55:17,1.76,100,light rain
2025-03-02 20:13:21,1.76,100,light rain
2025-03-02 20:28:17,0.76,100,light rain
2025-03-02 20:39:08,0.76,100,moderate rain
2025-03-02 20:47:24,0.76,100,moderate rain
2025-03-02 20:56:13,0.76,100,light rain
2025-03-02 21:13:49,0.76,100,moderate rain
2025-03-02 21:26:33,0.76,100,snow
2025-03-02 21:35:34,0.76,100,snow
2025-03-02 21:44:09,0.76,100,snow
2025-03-02 21:52:39,0.76,100,snow
2025-03-02 22:07:27,0.76,100,snow
2025-03-02 22:28:42,0.76,100,light snow
2025-03-02 22:39:58,0.76,100,light snow
2025-03-02 22:48:30,0.76,100,overcast clouds
2025-03-02 22:57:03,0.76,100,overcast clouds
2025-03-02 23:15:42,0.76,100,overcast clouds
2025-03-02 23:27:44,1.76,93,broken clouds
2025-03-02 23:37:08,1.76,93,mist
2025-03-02 23:45:45,1.76,93,mist
2025-03-02 23:54:21,1.76,93,broken clouds
2025-03-03 00:58:58,2.76,81,broken clouds
2025-03-03 02:22:25,4.76,65,clear sky
2025-03-03 03:05:25,4.76,65,clear sky
2025-03-03 03:35:13,5.76,56,clear sky
2025-03-03 03:50:16,5.76,56,clear sky
2025-03-03 03:58:34,5.76,56,clear sky
2025-03-03 04:26:20,6.76,57,clear sky
2025-03-03 04:42:10,6.76,57,clear sky
2025-03-03 04:50:32,6.76,57,clear sky
2025-03-03 04:59:02,6.76,57,clear sky
2025-03-03 05:21:37,3.66,64,broken clouds
2025-03-03 05:36:58,6.76,57,clear sky
2025-03-03 05:45:36,6.76,57,clear sky
2025-03-03 05:54:09,6.76,57,clear sky
2025-03-03 06:17:19,4.03,61,broken clouds
2025-03-03 06:42:14,5.76,52,clear sky
2025-03-03 06:52:33,5.76,52,clear sky
2025-03-03 07:09:33,5.76,52,clear sky
2025-03-03 07:26:42,4.76,52,clear sky
2025-03-03 07:36:25,4.76,52,clear sky
2025-03-03 07:44:52,4.76,52,clear sky
2025-03-03 07:53:25,4.76,52,clear sky
2025-03-03 08:14:47,3.66,51,overcast clouds
2025-03-03 08:36:52,4.76,52,clear sky
2025-03-03 08:48:18,4.76,52,clear sky
2025-03-03 08:59:06,4.76,52,clear sky
2025-03-03 09:18:54,2.33,52,overcast clouds
2025-03-03 09:35:17,3.76,52,clear sky
2025-03-03 09:44:21,3.76,52,clear sky
2025-03-03 09:52:36,3.76,52,clear sky
2025-03-03 10:09:55,3.76,52,clear sky
2025-03-03 10:33:58,2.76,56,clear sky
2025-03-03 10:45:57,2.76,56,clear sky
2025-03-03 10:54:32,2.76,56,clear sky
2025-03-03 11:10:49,2.76,56,clear sky
2025-03-03 11:25:06,1.76,55,clear sky
2025-03-03 11:35:08,1.76,55,clear sky
2025-03-03 11:43:40,1.76,55,clear sky
2025-03-03 11:52:26,1.76,55,clear sky
2025-03-03 12:15:22,1.76,55,clear sky
2025-03-03 12:54:06,1.76,51,clear sky
2025-03-03 13:20:33,0.72,52,overcast clouds
2025-03-03 13:38:26,1.76,51,clear sky
2025-03-03 13:46:55,1.76,51,clear sky
2025-03-03 13:55:26,1.76,51,clear sky
2025-03-03 14:13:49,0.7,52,overcast clouds
2025-03-03 14:33:09,1.76,48,clear sky
2025-03-03 14:44:39,1.76,48,clear sky
2025-03-03 14:53:13,1.76,48,clear sky
2025-03-03 15:10:33,0.71,52,overcast clouds
2025-03-03 15:30:06,1.76,51,clear sky
2025-03-03 15:42:33,1.76,51,clear sky
2025-03-03 15:51:07,1.76,51,clear sky
2025-03-03 15:59:36,1.76,51,clear sky
2025-03-03 16:28:17,0.68,52,overcast clouds
2025-03-03 16:46:05,1.76,55,clear sky
2025-03-03 16:55:48,1.76,55,clear sky
2025-03-03 17:13:30,0.79,54,overcast clouds
2025-03-03 17:30:33,1.76,51,clear sky
2025-03-03 17:41:04,1.76,51,clear sky
2025-03-03 17:49:33,1.76,51,clear sky
2025-03-03 17:58:09,1.76,51,light snow
2025-03-03 18:26:41,1.76,51,clear sky
2025-03-03 18:44:38,1.76,51,clear sky
2025-03-03 18:52:57,1.76,51,clear sky
2025-03-03 19:07:06,1.76,51,clear sky
2025-03-03 19:21:14,0.77,57,overcast clouds
2025-03-03 19:29:30,1.76,55,clear sky
2025-03-03 19:38:54,1.76,55,clear sky
2025-03-03 19:47:30,1.76,55,clear sky
2025-03-03 19:56:05,1.76,55,clear sky
2025-03-03 20:16:52,1.76,55,clear sky
2025-03-03 20:32:47,1.76,55,clear sky
2025-03-03 20:44:05,1.76,55,light snow
2025-03-03 20:52:38,1.76,55,snow
2025-03-03 21:07:54,1.76,55,light snow
2025-03-03 21:26:34,0.7,58,overcast clouds
2025-03-03 21:38:42,1.76,55,clear sky
2025-03-03 21:47:03,1.76,55,clear sky
2025-03-03 21:55:26,1.76,55,clear sky
2025-03-03 22:13:09,0.84,57,light snow
2025-03-03 22:32:17,2.76,52,moderate rain
2025-03-03 22:42:39,2.76,52,light rain
2025-03-03 22:51:18,2.76,52,light rain
2025-03-03 22:59:56,2.76,52,light rain
2025-03-03 23:22:00,1.01,57,snow
2025-03-03 23:30:49,2.76,56,clear sky
2025-03-03 23:40:18,2.76,56,light rain
2025-03-03 23:49:03,2.76,56,snow
2025-03-03 23:57:29,2.76,56,snow
2025-03-04 01:24:35,0.76,86,snow
2025-03-04 02:38:17,0.76,93,snow
2025-03-04 03:15:57,0.76,100,snow
2025-03-04 03:40:36,0.76,100,snow
2025-03-04 03:51:36,0.76,100,snow
2025-03-04 04:00:10,1.04,83,snow
2025-03-04 04:28:04,1.76,100,light rain and snow
2025-03-04 04:43:15,1.76,100,snow
2025-03-04 04:51:42,1.76,100,snow
2025-03-04 05:00:19,1.76,100,snow
2025-03-04 05:23:26,1.76,100,light rain
2025-03-04 05:37:15,1.76,100,light rain
2025-03-04 05:45:52,1.76,100,light rain
2025-03-04 05:54:20,1.76,100,light rain
2025-03-04 06:17:03,1.78,93,light rain and snow
2025-03-04 06:41:05,2.76,87,light rain
2025-03-04 06:51:24,2.76,87,light rain
2025-03-04 07:00:06,2.76,87,light rain
2025-03-04 07:23:22,2.76,93,light rain
2025-03-04 07:33:34,2.76,93,light rain
2025-03-04 07:41:58,2.76,93,light rain
2025-03-04 07:50:26,2.76,93,broken clouds
2025-03-04 07:58:53,2.76,93,broken clouds
2025-03-04 08:25:59,3.76,81,broken clouds
2025-03-04 08:42:59,3.76,81,broken clouds
2025-03-04 08:52:37,3.76,81,broken clouds
2025-03-04 09:08:56,3.76,81,broken clouds
2025-03-04 09:28:57,2.78,70,broken clouds
2025-03-04 09:40:53,3.76,70,broken clouds
2025-03-04 09:49:24,3.76,70,broken clouds
2025-03-04 09:57:42,3.76,70,broken clouds
2025-03-04 10:20:37,2.13,69,overcast clouds
2025-03-04 10:39:37,2.76,81,broken clouds
2025-03-04 10:48:50,2.76,81,broken clouds
2025-03-04 10:57:09,2.76,81,broken clouds
2025-03-04 11:14:41,2.27,66,overcast clouds
2025-03-04 11:26:34,1.76,87,broken clouds
2025-03-04 11:36:29,1.76,87,broken clouds
2025-03-04 11:44:45,1.76,87,broken clouds
2025-03-04 11:53:33,1.76,87,broken clouds
2025-03-04 12:19:23,1.91,65,overcast clouds
2025-03-04 12:55:36,1.76,87,clear sky
2025-03-04 13:22:09,2.36,65,overcast clouds
2025-03-04 13:38:49,1.76,80,clear sky
2025-03-04 13:47:12,1.76,80,clear sky
2025-03-04 13:55:35,1.76,80,clear sky
2025-03-04 14:13:50,1.76,80,clear sky
2025-03-04 14:33:14,1.76,75,clear sky
2025-03-04 14:44:43,1.76,75,snow
2025-03-04 14:52:59,1.76,75,snow
2025-03-04 15:10:01,1.84,68,overcast clouds
2025-03-04 15:30:29,1.76,75,clear sky
2025-03-04 15:43:23,1.76,75,light snow
2025-03-04 15:51:55,1.76,75,clear sky
2025-03-04 16:00:26,1.76,75,light snow
2025-03-04 16:30:55,1.76,75,clear sky
2025-03-04 16:48:06,1.76,75,clear sky
2025-03-04 16:56:39,1.76,75,clear sky
2025-03-04 17:15:07,1.76,75,clear sky
2025-03-04 17:31:00,1.76,75,clear sky
2025-03-04 17:41:21,1.76,75,clear sky
2025-03-04 17:49:34,1.76,75,clear sky
2025-03-04 17:58:20,1.76,75,clear sky
2025-03-04 18:28:56,1.76,75,clear sky
2025-03-04 18:47:14,1.76,75,clear sky
2025-03-04 18:55:30,1.76,75,clear sky
2025-03-04 19:11:25,1.76,75,clear sky
2025-03-04 19:23:17,1.15,76,overcast clouds
2025-03-04 19:32:31,1.76,75,clear sky
2025-03-04 19:40:56,1.76,75,clear sky
2025-03-04 19:49:37,1.76,75,clear sky
2025-03-04 19:57:53,1.76,75,clear sky
2025-03-04 20:21:01,1.06,75,overcast clouds
2025-03-04 20:34:26,1.76,75,clear sky
2025-03-04 20:43:11,1.76,75,clear sky
2025-03-04 20:52:07,1.76,75,light snow
2025-03-04 21:06:49,1.76,75,clear sky
2025-03-04 21:24:55,0.98,75,light snow
2025-03-04 21:35:14,1.76,75,clear sky
2025-03-04 21:43:42,1.76,75,clear sky
2025-03-04 21:52:21,1.76,75,snow
2025-03-04 22:07:36,1.76,75,snow
2025-03-04 22:27:58,1.05,74,snow
2025-03-04 22:39:36,1.76,75,snow
2025-03-04 22:48:11,1.76,75,clear sky
2025-03-04 22:56:42,1.76,75,light snow
2025-03-04 23:15:45,1.35,71,overcast clouds
2025-03-04 23:29:01,1.76,75,clear sky
2025-03-04 23:38:34,1.76,75,clear sky
2025-03-04 23:47:14,1.76,75,clear sky
2025-03-04 23:55:34,1.76,75,clear sky
2025-03-05 01:08:55,2.76,70,light rain
2025-03-05 02:33:50,4.76,65,light rain
2025-03-05 03:06:43,4.76,65,light rain
2025-03-05 03:34:57,4.76,65,clear sky
2025-03-05 03:48:01,4.76,65,clear sky
2025-03-05 03:56:28,4.76,65,clear sky
2025-03-05 04:19:30,5.76,65,clear sky
2025-03-05 04:37:32,5.76,65,clear sky
2025-03-05 04:47:29,5.76,65,clear sky
2025-03-05 04:56:12,5.76,65,clear sky
2025-03-05 05:15:40,7.48,43,overcast clouds
2025-03-05 05:33:08,6.76,61,clear sky
2025-03-05 05:42:59,6.76,61,clear sky
2025-03-05 05:51:32,6.76,61,clear sky
2025-03-05 05:59:48,6.76,61,clear sky
2025-03-05 06:33:21,7.76,57,broken clouds
2025-03-05 06:48:03,7.76,57,broken clouds
2025-03-05 06:56:30,7.76,57,broken clouds
2025-03-05 07:15:47,8.1,39,broken clouds
2025-03-05 07:30:18,7.76,57,broken clouds
2025-03-05 07:40:55,7.76,57,broken clouds
2025-03-05 07:49:16,7.76,57,broken clouds
2025-03-05 07:57:38,7.76,57,broken clouds
2025-03-05 08:25:09,7.73,39,overcast clouds
2025-03-05 08:42:43,7.76,57,clear sky
2025-03-05 08:52:30,7.76,57,clear sky
2025-03-05 09:09:05,7.76,57,clear sky
2025-03-05 09:29:00,7.35,40,overcast clouds
2025-03-05 09:40:57,6.76,61,clear sky
2025-03-05 09:49:22,6.76,61,clear sky
2025-03-05 09:57:40,6.76,61,clear sky
2025-03-05 10:20:16,6.84,42,overcast clouds
2025-03-05 10:39:09,4.76,65,few clouds
2025-03-05 10:48:07,4.76,65,few clouds
2025-03-05 10:56:28,4.76,65,few clouds
2025-03-05 11:13:49,6.22,46,overcast clouds
2025-03-05 11:26:04,3.76,75,few clouds
2025-03-05 11:36:09,3.76,75,few clouds
2025-03-05 11:44:25,3.76,75,few clouds
2025-03-05 11:53:01,3.76,75,few clouds
2025-03-05 12:17:38,5.76,47,overcast clouds
2025-03-05 12:55:21,3.76,81,clear sky
2025-03-05 13:22:19,1.76,93,clear sky
2025-03-05 13:38:24,1.76,93,clear sky
2025-03-05 13:46:44,1.76,93,clear sky
2025-03-05 13:55:09,1.76,93,clear sky
2025-03-05 14:13:05,4.15,48,clear sky
2025-03-05 14:32:50,1.76,87,clear sky
2025-03-05 14:44:21,1.76,87,clear sky
2025-03-05 14:52:48,1.76,87,clear sky
2025-03-05 15:09:47,1.76,87,clear sky
2025-03-05 15:29:00,0.76,80,clear sky
2025-03-05 15:41:38,0.76,80,light snow
2025-03-05 15:49:58,0.76,80,clear sky
2025-03-05 15:58:26,0.76,80,clear sky
2025-03-05 16:32:15,-0.24,80,clear sky
2025-03-05 16:52:59,-0.24,80,clear sky
2025-03-05 17:08:42,-0.24,80,clear sky
2025-03-05 17:28:50,-1.24,93,clear sky
2025-03-05 17:40:03,-1.24,93,clear sky
2025-03-05 17:48:24,-1.24,93,clear sky
2025-03-05 17:56:40,-1.24,93,clear sky
2025-03-05 18:24:07,-2.24,93,clear sky
2025-03-05 18:43:52,-2.24,93,clear sky
2025-03-05 18:53:17,-2.24,93,clear sky
2025-03-05 19:08:00,-2.24,93,clear sky
2025-03-05 19:22:03,1.97,53,clear sky
2025-03-05 19:30:41,-2.24,86,clear sky
2025-03-05 19:39:57,-2.24,86,clear sky
2025-03-05 19:48:31,-2.24,86,clear sky
2025-03-05 19:56:47,-2.24,86,clear sky
2025-03-05 20:19:01,1.77,55,clear sky
2025-03-05 20:34:04,-1.24,80,clear sky
2025-03-05 20:44:10,-1.24,80,clear sky
2025-03-05 20:52:42,-1.24,80,clear sky
2025-03-05 21:08:12,-1.24,80,clear sky
2025-03-05 21:25:52,-3.24,86,clear sky
2025-03-05 21:35:53,-3.24,86,clear sky
2025-03-05 21:44:33,-3.24,86,clear sky
2025-03-05 21:52:46,-3.24,86,clear sky
2025-03-05 22:08:31,-3.24,86,clear sky
2025-03-05 22:29:51,-1.24,86,clear sky
2025-03-05 22:42:05,-1.24,86,clear sky
2025-03-05 22:50:42,-1.24,86,clear sky
2025-03-05 22:59:17,-1.24,86,clear sky
2025-03-05 23:22:19,1.59,57,clear sky
2025-03-05 23:32:29,-0.24,80,clear sky
2025-03-05 23:41:14,-0.24,80,clear sky
2025-03-05 23:49:27,-0.24,80,clear sky
2025-03-05 23:58:04,-0.24,80,clear sky
2025-03-06 01:37:28,3.76,65,clear sky
2025-03-06 02:45:10,5.76,56,clear sky
2025-03-06 03:17:06,6.76,53,clear sky
2025-03-06 03:40:40,6.76,53,clear sky
2025-03-06 03:51:07,6.76,53,clear sky
2025-03-06 03:59:41,6.76,53,clear sky
2025-03-06 04:28:17,7.76,46,clear sky
2025-03-06 04:44:41,7.76,46,clear sky
2025-03-06 04:53:08,7.76,46,clear sky
2025-03-06 05:10:10,8.76,40,clear sky
2025-03-06 05:30:29,8.76,40,clear sky
2025-03-06 05:43:19,8.76,40,clear sky
2025-03-06 05:51:49,8.76,40,clear sky
2025-03-06 06:16:56,8.19,33,clear sky
2025-03-06 06:33:08,8.76,40,clear sky
2025-03-06 06:48:10,8.76,40,clear sky
2025-03-06 06:56:32,8.76,40,clear sky
2025-03-06 07:16:48,8.39,32,clear sky
2025-03-06 07:31:16,9.76,37,clear sky
2025-03-06 07:42:50,9.76,37,clear sky
2025-03-06 07:51:20,9.76,37,clear sky
2025-03-06 07:59:47,9.76,37,clear sky
2025-03-06 08:29:36,8.76,40,clear sky
2025-03-06 08:45:38,8.76,40,clear sky
2025-03-06 08:54:18,8.76,40,clear sky
2025-03-06 09:12:58,6.76,53,clear sky
2025-03-06 09:30:20,6.76,53,clear sky
2025-03-06 09:42:02,6.76,53,clear sky
2025-03-06 09:50:31,6.76,53,clear sky
2025-03-06 09:59:06,6.76,53,clear sky
2025-03-06 10:24:26,5.76,45,clear sky
2025-03-06 10:41:27,5.76,45,clear sky
2025-03-06 10:50:01,5.76,45,clear sky
2025-03-06 10:58:42,5.76,45,clear sky
2025-03-06 11:17:29,4.76,45,clear sky
2025-03-06 11:27:43,4.76,45,clear sky
2025-03-06 11:37:38,4.76,45,clear sky
2025-03-06 11:46:12,4.76,45,clear sky
2025-03-06 11:54:34,4.76,45,clear sky
2025-03-06 12:24:05,6.25,32,few clouds
2025-03-06 12:58:30,2.76,52,clear sky
2025-03-06 13:27:15,2.76,52,clear sky
2025-03-06 13:41:04,2.76,52,clear sky
2025-03-06 13:49:35,2.76,52,clear sky
2025-03-06 13:58:07,2.76,52,clear sky
2025-03-06 14:19:14,4.67,36,clear sky
2025-03-06 14:37:26,-0.24,64,clear sky
2025-03-06 14:45:59,-0.24,64,clear sky
2025-03-06 14:54:42,-0.24,64,clear sky
2025-03-06 15:13:28,4.07,38,clear sky
2025-03-06 15:31:39,0.76,60,clear sky
2025-03-06 15:44:01,0.76,60,clear sky
2025-03-06 15:52:34,0.76,60,clear sky
2025-03-06 16:10:15,0.76,60,clear sky
2025-03-06 16:35:18,-1.24,74,clear sky
2025-03-06 16:49:48,-1.24,74,clear sky
2025-03-06 16:58:21,-1.24,74,clear sky
2025-03-06 17:18:03,-2.24,86,clear sky
2025-03-06 17:32:36,-2.24,86,clear sky
2025-03-06 17:41:53,-2.24,86,clear sky
2025-03-06 17:51:03,-2.24,86,clear sky
2025-03-06 17:58:47,-2.24,86,clear sky
2025-03-06 18:29:09,-2.24,86,clear sky
2025-03-06 18:46:20,-2.24,86,clear sky
2025-03-06 18:54:51,-2.24,86,clear sky
2025-03-06 19:10:25,-2.24,86,clear sky
2025-03-06 19:22:52,-3.24,86,clear sky
2025-03-06 19:31:32,-3.24,86,clear sky
2025-03-06 19:40:04,2.76,40,clear sky
2025-03-06 19:48:41,-3.24,86,mist
2025-03-06 19:56:57,-3.24,86,mist
2025-03-06 20:19:00,2.43,40,clear sky
2025-03-06 20:33:30,-2.24,86,clear sky
2025-03-06 20:43:04,-2.24,86,mist
2025-03-06 20:51:44,-2.24,86,mist
2025-03-06 21:00:15,-2.24,86,mist
2025-03-06 21:22:28,2.07,41,clear sky
2025-03-06 21:32:01,-3.24,93,mist
2025-03-06 21:40:23,-3.24,93,mist
2025-03-06 21:48:49,-3.24,93,mist
2025-03-06 21:57:23,-3.24,93,mist
2025-03-06 22:17:08,1.82,43,clear sky
2025-03-06 22:33:47,-2.24,93,clear sky
2025-03-06 22:43:16,-2.24,93,mist
2025-03-06 22:51:55,-2.24,93,mist
2025-03-06 23:00:39,-2.24,93,mist
2025-03-06 23:23:02,2.18,45,clear sky
2025-03-06 23:32:46,-1.24,86,mist
2025-03-06 23:41:22,-1.24,86,mist
2025-03-06 23:49:59,-1.24,86,mist
2025-03-06 23:58:22,-1.24,86,mist
2025-03-07 01:41:00,4.76,56,haze
2025-03-07 02:46:20,7.76,39,haze
2025-03-07 03:17:57,8.76,37,overcast clouds
2025-03-07 03:42:03,8.76,37,haze
2025-03-07 03:51:35,8.76,37,haze
2025-03-07 03:59:50,8.76,37,haze
2025-03-07 04:28:04,9.76,34,clear sky
2025-03-07 04:42:33,9.76,34,clear sky
2025-03-07 04:50:46,9.76,34,clear sky
2025-03-07 04:59:24,9.76,34,clear sky
2025-03-07 05:22:13,9.76,32,clear sky
2025-03-07 05:36:50,9.76,32,clear sky
2025-03-07 05:45:26,9.76,32,clear sky
2025-03-07 05:53:51,9.76,32,clear sky
2025-03-07 06:15:38,8.36,26,overcast clouds
2025-03-07 06:40:40,9.76,34,clear sky
2025-03-07 06:51:32,9.76,34,clear sky
2025-03-07 07:00:14,9.76,34,clear sky
2025-03-07 07:22:19,8.39,27,overcast clouds
2025-03-07 07:30:55,9.76,32,clear sky
2025-03-07 07:40:25,9.76,32,clear sky
2025-03-07 07:48:54,9.76,32,clear sky
2025-03-07 07:57:24,7.87,27,overcast clouds
2025-03-07 08:23:22,7.87,27,overcast clouds
2025-03-07 08:40:28,7.15,28,overcast clouds
2025-03-07 08:50:48,7.76,42,clear sky
2025-03-07 08:59:21,7.15,28,overcast clouds
2025-03-07 09:23:23,5.76,52,clear sky
2025-03-07 09:35:58,5.76,52,clear sky
2025-03-07 09:44:43,5.76,52,clear sky
2025-03-07 09:53:15,5.76,52,clear sky
2025-03-07 10:10:33,5.76,52,clear sky
2025-03-07 10:33:25,3.76,65,clear sky
2025-03-07 10:45:08,3.76,65,clear sky
2025-03-07 10:53:38,3.76,65,clear sky
2025-03-07 11:09:13,3.76,65,clear sky
2025-03-07 11:23:43,6.18,30,overcast clouds
2025-03-07 11:33:14,3.76,65,clear sky
2025-03-07 11:41:40,3.76,65,clear sky
2025-03-07 11:49:58,3.76,65,clear sky
2025-03-07 11:58:16,3.76,65,clear sky
2025-03-07 12:39:04,2.76,60,clear sky
2025-03-07 13:03:55,2.76,60,clear sky
2025-03-07 13:30:26,2.76,70,clear sky
2025-03-07 13:41:40,2.76,70,clear sky
2025-03-07 13:50:10,2.76,70,clear sky
2025-03-07 13:58:24,2.76,70,clear sky
2025-03-07 14:19:00,5.64,35,overcast clouds
2025-03-07 14:35:13,2.76,70,clear sky
2025-03-07 14:44:26,2.76,70,clear sky
2025-03-07 14:53:09,2.76,70,clear sky
2025-03-07 15:09:35,2.76,70,clear sky
2025-03-07 15:28:52,2.76,70,broken clouds
2025-03-07 15:40:34,2.76,70,broken clouds
2025-03-07 15:49:10,2.76,70,broken clouds
2025-03-07 15:57:44,2.76,70,broken clouds
2025-03-07 16:23:39,4.97,37,overcast clouds
2025-03-07 16:41:54,0.76,86,broken clouds
2025-03-07 16:51:59,0.76,86,broken clouds
2025-03-07 17:00:31,0.76,86,broken clouds
2025-03-07 17:21:05,4.74,39,overcast clouds
2025-03-07 17:33:04,1.76,75,broken clouds
2025-03-07 17:41:39,1.76,75,broken clouds
2025-03-07 17:50:13,1.76,75,broken clouds
2025-03-07 17:58:33,1.76,75,broken clouds
2025-03-07 18:28:16,2.76,70,overcast clouds
2025-03-07 18:45:30,2.76,70,broken clouds
2025-03-07 18:54:01,2.76,70,broken clouds
2025-03-07 19:08:49,4.1,44,overcast clouds
2025-03-07 19:21:45,4.1,44,overcast clouds
2025-03-07 19:30:01,1.76,87,overcast clouds
2025-03-07 19:39:22,1.76,87,haze
2025-03-07 19:48:01,1.76,87,haze
2025-03-07 19:56:19,1.76,87,haze
2025-03-07 20:17:26,3.9,48,overcast clouds
2025-03-07 20:31:51,0.76,93,haze
2025-03-07 20:40:20,0.76,93,haze
2025-03-07 20:48:44,0.76,93,haze
2025-03-07 20:56:57,0.76,93,haze
2025-03-07 21:13:59,0.76,93,haze
2025-03-07 21:24:58,0.76,93,mist
2025-03-07 21:33:44,0.76,93,mist
2025-03-07 21:42:12,0.76,93,mist
2025-03-07 21:50:41,0.76,93,mist
2025-03-07 21:59:01,0.76,93,mist
2025-03-07 22:17:09,3.51,54,overcast clouds
2025-03-07 22:28:31,-0.24,93,mist
2025-03-07 22:37:01,-0.24,93,mist
2025-03-07 22:45:30,-0.24,93,mist
2025-03-07 22:54:13,-0.24,93,mist
2025-03-07 23:09:46,-0.24,93,mist
2025-03-07 23:21:53,3.67,53,overcast clouds
2025-03-07 23:29:59,0.76,93,overcast clouds
2025-03-07 23:39:07,0.76,93,broken clouds
2025-03-07 23:47:22,0.76,93,broken clouds
2025-03-07 23:55:40,0.76,93,broken clouds
2025-03-08 00:55:58,3.76,70,broken clouds
2025-03-08 01:55:59,5.76,56,clear sky
2025-03-08 02:26:59,8.76,40,clear sky
2025-03-08 02:44:09,8.76,40,clear sky
2025-03-08 02:52:37,8.76,40,clear sky
2025-03-08 03:08:31,8.76,40,clear sky
2025-03-08 03:25:45,8.76,34,clear sky
2025-03-08 03:35:41,8.76,34,clear sky
2025-03-08 03:44:02,8.76,34,clear sky
2025-03-08 03:52:17,8.76,34,clear sky
2025-03-08 04:07:54,7.19,35,overcast clouds
2025-03-08 04:25:35,9.76,29,clear sky
2025-03-08 04:35:38,9.76,29,clear sky
2025-03-08 04:44:04,9.76,29,clear sky
2025-03-08 04:52:37,9.76,29,clear sky
2025-03-08 05:06:51,9.76,29,clear sky
2025-03-08 05:24:08,7.78,34,overcast clouds
2025-03-08 05:33:09,9.76,25,clear sky
2025-03-08 05:41:35,9.76,25,clear sky
2025-03-08 05:49:59,9.76,25,clear sky
2025-03-08 05:58:14,9.76,25,clear sky
2025-03-08 06:22:00,9.76,29,clear sky
2025-03-08 06:36:44,9.76,29,clear sky
2025-03-08 06:45:05,9.76,29,clear sky
2025-03-08 06:53:42,9.76,29,clear sky
2025-03-08 07:07:59,9.76,29,clear sky
2025-03-08 07:21:22,8.76,46,clear sky
2025-03-08 07:29:28,8.76,46,clear sky
2025-03-08 07:38:08,8.76,46,clear sky
2025-03-08 07:46:28,8.76,46,clear sky
2025-03-08 07:55:04,8.76,46,clear sky
2025-03-08 08:13:47,7.4,42,few clouds
2025-03-08 08:28:19,7.76,49,clear sky
2025-03-08 08:37:28,7.76,49,clear sky
2025-03-08 08:45:46,7.76,49,clear sky
2025-03-08 08:54:29,7.76,49,clear sky
2025-03-08 09:10:15,7.76,49,clear sky
2025-03-08 09:23:42,6.76,57,clear sky
2025-03-08 09:32:10,6.76,57,clear sky
2025-03-08 09:40:20,6.76,57,clear sky
2025-03-08 09:48:50,6.76,57,clear sky
2025-03-08 09:57:06,6.76,57,clear sky
2025-03-08 10:15:00,6.76,57,clear sky
2025-03-08 10:29:22,4.76,70,clear sky
2025-03-08 10:38:11,4.76,70,clear sky
2025-03-08 10:46:36,4.76,70,clear sky
2025-03-08 10:55:08,4.76,70,clear sky
2025-03-08 11:10:00,4.76,70,clear sky
2025-03-08 11:19:53,5.56,59,few clouds
2025-03-08 11:28:08,3.76,75,clear sky
2025-03-08 11:37:08,3.76,75,clear sky
2025-03-08 11:45:24,3.76,75,clear sky
2025-03-08 11:53:55,3.76,75,clear sky
2025-03-08 12:15:00,5.28,62,few clouds
2025-03-08 12:42:50,3.76,81,clear sky
2025-03-08 12:55:27,3.76,81,clear sky
2025-03-08 13:12:30,3.76,81,clear sky
2025-03-08 13:24:25,5.08,65,clear sky
2025-03-08 13:33:04,2.76,93,clear sky
2025-03-08 13:41:25,2.76,93,clear sky
2025-03-08 13:49:45,2.76,93,clear sky
2025-03-08 13:58:24,2.76,93,clear sky
2025-03-08 14:13:55,4.82,69,clear sky
2025-03-08 14:25:03,0.76,100,mist
2025-03-08 14:35:30,0.76,100,mist
2025-03-08 14:43:52,0.76,100,mist
2025-03-08 14:52:10,0.76,100,mist
2025-03-08 15:01:43,0.76,100,mist
2025-03-08 15:19:21,4.42,71,clear sky
2025-03-08 15:27:48,0.76,100,mist
2025-03-08 15:36:30,0.76,100,mist
2025-03-08 15:44:43,0.76,100,mist
2025-03-08 15:53:17,0.76,100,mist
2025-03-08 16:09:28,0.76,100,mist
2025-03-08 16:26:56,-0.24,100,mist
2025-03-08 16:35:02,-0.24,100,mist
2025-03-08 16:43:21,-0.24,100,mist
2025-03-08 16:51:51,-0.24,100,mist
2025-03-08 17:00:18,-0.24,100,mist
2025-03-08 17:51:49,-1.24,100,mist
2025-03-08 18:00:10,-1.24,100,mist
2025-03-08 18:24:53,3.58,77,clear sky
2025-03-08 18:34:23,-0.24,93,mist
2025-03-08 18:42:45,-1.24,100,mist
2025-03-08 18:51:09,-1.24,100,mist
2025-03-08 18:59:23,-1.24,100,mist
2025-03-08 19:15:33,-1.24,100,mist
2025-03-08 19:23:51,-2.24,100,mist
2025-03-08 19:33:36,-2.24,100,mist
2025-03-08 19:42:07,-2.24,100,mist
2025-03-08 19:50:22,-2.24,100,mist
2025-03-08 19:58:38,-2.24,100,mist
2025-03-08 20:17:10,-2.24,100,mist
2025-03-08 20:25:43,-2.24,100,mist
2025-03-08 20:35:12,-2.24,100,mist
2025-03-08 20:43:19,-2.24,100,mist
2025-03-08 20:51:44,-2.24,100,mist
2025-03-08 21:00:19,-2.24,100,mist
2025-03-08 21:18:24,3.06,77,clear sky
2025-03-08 21:26:59,-2.24,100,fog
2025-03-08 21:36:08,-2.24,100,fog
2025-03-08 21:44:52,-2.24,100,fog
2025-03-08 21:53:20,-2.24,100,fog
2025-03-08 22:07:56,-2.24,100,fog
2025-03-08 22:23:30,-3.24,100,fog
2025-03-08 22:32:18,-3.24,100,fog
2025-03-08 22:40:30,-3.24,100,fog
2025-03-08 22:48:50,-3.24,100,fog
2025-03-08 22:57:03,-3.24,100,fog
2025-03-08 23:14:52,-2.24,100,fog
2025-03-08 23:24:51,-1.24,100,fog
2025-03-08 23:33:37,-1.24,100,fog
2025-03-08 23:42:01,-1.24,100,fog
2025-03-08 23:50:27,-1.24,100,fog
2025-03-08 23:58:46,0.76,100,mist
2025-03-09 01:23:14,6.76,76,mist
2025-03-09 02:11:29,6.76,76,mist
2025-03-09 02:42:25,7.76,66,haze
2025-03-09 02:52:11,7.76,66,haze
2025-03-09 03:07:38,7.76,66,haze
2025-03-09 03:26:33,9.76,57,clear sky
2025-03-09 03:35:44,9.76,57,haze
2025-03-09 03:43:48,9.76,57,haze
2025-03-09 03:52:09,9.76,57,haze
2025-03-09 04:07:26,9.76,57,haze
2025-03-09 04:25:45,9.35,41,scattered clouds
2025-03-09 04:35:22,10.76,43,clear sky
2025-03-09 04:43:50,10.76,43,clear sky
2025-03-09 04:52:12,10.76,43,clear sky
2025-03-09 05:02:07,10.76,43,clear sky
2025-03-09 05:19:56,10.1,38,scattered clouds
2025-03-09 05:28:16,10.76,46,clear sky
2025-03-09 05:37:26,10.76,46,clear sky
2025-03-09 05:45:44,10.76,46,clear sky
2025-03-09 05:54:10,10.76,46,clear sky
2025-03-09 06:12:50,10.61,35,scattered clouds
2025-03-09 06:30:09,11.76,43,clear sky
2025-03-09 06:39:26,11.76,43,clear sky
2025-03-09 06:48:02,11.76,43,clear sky
2025-03-09 06:56:16,11.76,43,clear sky
2025-03-09 07:12:06,11.76,43,clear sky
2025-03-09 07:21:26,11.76,47,clear sky
2025-03-09 07:29:45,11.76,47,clear sky
2025-03-09 07:38:27,11.76,47,clear sky
2025-03-09 07:46:57,11.76,47,clear sky
2025-03-09 07:55:31,11.76,47,clear sky
2025-03-09 08:15:20,11.76,47,clear sky
2025-03-09 08:29:13,10.59,37,clear sky
2025-03-09 08:37:44,10.76,54,clear sky
2025-03-09 08:46:07,10.76,54,clear sky
2025-03-09 08:54:44,10.76,54,clear sky
2025-03-09 09:09:46,10.76,54,clear sky
2025-03-09 09:23:19,9.97,40,clear sky
2025-03-09 09:31:49,8.76,61,few clouds
2025-03-09 09:40:21,8.76,61,few clouds
2025-03-09 09:48:58,8.76,61,few clouds
2025-03-09 09:57:25,8.76,61,few clouds
2025-03-09 10:17:43,9.15,44,clear sky
2025-03-09 10:33:44,5.76,75,clear sky
2025-03-09 10:42:04,5.76,75,haze
2025-03-09 10:50:43,5.76,75,haze
2025-03-09 10:59:12,5.76,75,haze
2025-03-09 11:15:16,5.76,75,haze
2025-03-09 11:23:45,3.76,87,clear sky
2025-03-09 11:32:35,3.76,87,clear sky
2025-03-09 11:40:56,3.76,87,haze
2025-03-09 11:49:13,3.76,87,haze
2025-03-09 11:57:32,3.76,87,haze
2025-03-09 12:27:03,2.76,87,mist
2025-03-09 12:46:44,2.76,87,mist
2025-03-09 12:56:58,2.76,87,mist
2025-03-09 13:15:14,7.39,51,clear sky
2025-03-09 13:25:52,2.76,93,mist
2025-03-09 13:34:16,2.76,93,mist
2025-03-09 13:42:33,2.76,93,mist
2025-03-09 13:51:07,2.76,93,mist
2025-03-09 13:59:38,2.76,93,mist
2025-03-09 14:17:00,2.76,93,mist
2025-03-09 14:27:16,1.76,100,mist
2025-03-09 14:35:43,1.76,100,mist
2025-03-09 14:44:02,1.76,100,mist
2025-03-09 14:52:37,1.76,100,mist
2025-03-09 15:06:47,1.76,100,mist
2025-03-09 15:22:51,0.76,100,mist
2025-03-09 15:31:16,0.76,100,mist
2025-03-09 15:39:49,0.76,100,mist
2025-03-09 15:48:10,0.76,100,mist
2025-03-09 15:56:44,0.76,100,mist
2025-03-09 16:16:12,0.76,100,mist
2025-03-09 16:30:26,0.76,93,mist
2025-03-09 16:39:07,0.76,93,mist
2025-03-09 16:47:27,0.76,93,mist
2025-03-09 16:55:52,0.76,93,mist
2025-03-09 17:10:28,5.66,57,clear sky
2025-03-09 17:24:53,5.66,57,clear sky
2025-03-09 17:34:11,-0.24,100,mist
2025-03-09 17:42:29,-0.24,100,mist
2025-03-09 17:50:56,-0.24,100,mist
2025-03-09 17:59:26,-0.24,100,mist
2025-03-09 18:23:19,-1.24,100,mist
2025-03-09 18:33:19,-1.24,100,mist
2025-03-09 18:41:33,-1.24,100,mist
2025-03-09 18:50:09,-1.24,100,mist
2025-03-09 18:58:23,-1.24,100,mist
2025-03-09 19:11:58,-1.24,100,mist
2025-03-09 19:20:28,5.12,56,broken clouds
2025-03-09 19:28:53,-2.24,100,mist
2025-03-09 19:37:25,-2.24,100,mist
2025-03-09 19:45:49,-2.24,100,mist
2025-03-09 19:54:05,-2.24,100,mist
2025-03-09 20:10:29,-1.24,100,fog
2025-03-09 20:25:06,-0.24,93,fog
2025-03-09 20:34:23,-0.24,93,fog
2025-03-09 20:42:51,-2.24,100,fog
2025-03-09 20:51:31,-2.24,100,fog
2025-03-09 20:59:59,-2.24,100,fog
2025-03-09 21:18:54,-2.24,100,fog
2025-03-09 21:27:20,-2.24,100,fog
2025-03-09 21:36:37,-2.24,100,fog
2025-03-09 21:44:53,-2.24,100,fog
2025-03-09 21:53:30,-2.24,100,fog
2025-03-09 22:08:04,-2.24,100,fog
2025-03-09 22:24:23,-2.24,100,fog
2025-03-09 22:32:58,-2.24,100,fog
2025-03-09 22:41:12,-2.24,100,fog
2025-03-09 22:49:37,-2.24,100,fog
2025-03-09 22:58:03,-2.24,100,fog
2025-03-09 23:14:49,-2.24,100,fog
2025-03-09 23:22:55,5.04,54,scattered clouds
2025-03-09 23:31:43,-0.24,100,mist
2025-03-09 23:39:59,-0.24,100,mist
2025-03-09 23:48:26,-0.24,100,mist
2025-03-09 23:56:44,-0.24,100,mist
2025-03-10 01:06:48,3.76,100,mist
2025-03-10 02:09:23,8.76,66,haze
2025-03-10 02:40:15,10.76,54,haze
2025-03-10 02:51:11,10.76,54,haze
2025-03-10 02:59:41,10.76,54,haze
2025-03-10 03:22:52,12.76,47,clear sky
2025-03-10 03:32:43,12.76,47,clear sky
2025-03-10 03:41:02,12.76,47,haze
2025-03-10 03:49:18,12.76,47,haze
2025-03-10 03:57:50,12.76,47,haze
2025-03-10 04:18:54,11.4,34,clear sky
2025-03-10 04:31:51,13.76,38,haze
2025-03-10 04:41:12,13.76,38,haze
2025-03-10 04:49:45,13.76,38,haze
2025-03-10 04:58:20,13.76,38,haze
2025-03-10 05:16:40,11.85,34,clear sky
2025-03-10 05:28:37,13.76,38,clear sky
2025-03-10 05:37:13,13.76,38,haze
2025-03-10 05:45:31,13.76,38,haze
2025-03-10 05:53:55,13.76,38,haze
2025-03-10 06:13:33,11.62,36,clear sky
2025-03-10 06:32:40,12.76,41,haze
2025-03-10 06:42:05,12.76,41,haze
2025-03-10 06:50:34,12.76,41,haze
2025-03-10 06:58:57,12.76,41,haze
2025-03-10 07:18:43,11.18,39,clear sky
2025-03-10 07:27:13,12.76,38,clear sky
2025-03-10 07:37:05,12.76,38,haze
2025-03-10 07:45:31,12.76,38,haze
2025-03-10 07:54:05,12.76,38,haze
2025-03-10 08:13:28,10.4,42,clear sky
2025-03-10 08:30:25,11.76,40,haze
2025-03-10 08:40:30,11.76,40,haze
2025-03-10 08:49:15,11.76,40,haze
2025-03-10 08:57:37,11.76,40,haze
2025-03-10 09:17:06,11.76,40,haze
2025-03-10 09:28:24,9.42,45,clear sky
2025-03-10 09:36:56,9.76,46,haze
2025-03-10 09:45:34,9.76,46,haze
2025-03-10 09:54:15,9.76,46,haze
2025-03-10 10:11:20,9.76,46,haze
2025-03-10 10:30:04,6.76,65,clear sky
2025-03-10 10:39:49,6.76,65,haze
2025-03-10 10:48:25,6.76,65,haze
2025-03-10 10:57:04,6.76,65,haze
2025-03-10 11:12:33,6.76,65,haze
2025-03-10 11:23:11,8.18,51,clear sky
2025-03-10 11:32:07,5.76,70,haze
2025-03-10 11:40:16,5.76,70,haze
2025-03-10 11:48:53,5.76,70,haze
2025-03-10 11:57:25,5.76,70,haze
2025-03-10 12:37:35,4.76,75,haze
2025-03-10 13:05:19,4.76,75,haze
2025-03-10 13:33:52,3.76,75,haze
2025-03-10 13:45:29,3.76,75,haze
2025-03-10 13:54:07,3.76,75,haze
2025-03-10 14:11:57,6.9,57,clear sky
2025-03-10 14:33:16,0.76,93,haze
2025-03-10 14:45:28,0.76,93,haze
2025-03-10 14:53:49,0.76,93,haze
2025-03-10 15:12:47,6.53,58,clear sky
2025-03-10 15:30:36,0.76,100,mist
2025-03-10 15:41:36,0.76,100,mist
2025-03-10 15:50:17,0.76,100,mist
2025-03-10 15:58:37,0.76,100,mist
2025-03-10 16:24:52,0.76,93,mist
2025-03-10 16:43:04,0.76,93,mist
2025-03-10 16:54:15,0.76,93,mist
2025-03-10 17:11:26,0.76,93,mist
2025-03-10 17:30:04,-0.24,100,mist
2025-03-10 17:41:33,-0.24,100,mist
2025-03-10 17:50:09,-0.24,100,mist
2025-03-10 17:58:31,-0.24,100,mist
2025-03-10 18:27:20,-0.24,100,mist
2025-03-10 18:44:44,-0.24,100,mist
2025-03-10 18:53:12,-0.24,100,mist
2025-03-10 19:08:42,-0.24,100,mist
2025-03-10 19:22:45,-1.24,100,mist
2025-03-10 19:31:32,-1.24,100,mist
